Timestamp,قم بإرفاق الصور والفيديوهات للمحل من الداخل,(نسخ من قوقل ماب اذا وجد) اسم المكان,Email Address,رابط الموقع في قوقل مابس,صورة واجهة المحل,الحي,Latitude,Longitude
7/23/2024 9:54:33,"https://drive.google.com/open?id=1XXXXUNIPLuePPHmNpzg4aIxlWgovInAN, https://drive.google.com/open?id=1PZr9SPWk4VccH4Ey0_6baQIU1CCvOlpf",المصباح بلند,d7mi.amer@gmail.com,,https://drive.google.com/open?id=1f6-MX7lMioUITaxhUcDP6E5O3dF_0_pp,,,
7/23/2024 9:59:41,"https://drive.google.com/open?id=1BUJG1Y0aZCSg1k4Y11QNLQs7c0gC3byl, https://drive.google.com/open?id=127oCwnIZwvDifriaJ1w9VA8SpfZYm0Bx",فليموس Flamous,d7mi.amer@gmail.com,https://maps.app.goo.gl/mYYWEhXnPypp1bVK7?g_st=com.google.maps.preview.copy,https://drive.google.com/open?id=1IQ4GahLo-EK-cSxmCh_LA1QOwxao02ne,,24.6761347,46.67541
7/23/2024 10:03:45,"https://drive.google.com/open?id=1X-SDkAfTF7N2ciiZO-ccCLAuo5OgyR_h, https://drive.google.com/open?id=1KA064gGl8p-GpT-oJG9WSxLM3KbPSQDc",Hamburgini هامبرغيني - Al Takhassusi,d7mi.amer@gmail.com,https://maps.app.goo.gl/fku6VRvRp3ZT4yE76?g_st=com.google.maps.preview.copy,https://drive.google.com/open?id=1DOwSaZ51FVLH2F-RrU6r6QzvDKGDYQ1T,,24.6761946,46.6755578
7/23/2024 10:13:19,"https://drive.google.com/open?id=18dEtTGVplxMzZU9X6s9APzopsYDf_dw-, https://drive.google.com/open?id=18PUNRwybC9a5u67MzN1CEz5S0Eyjdj3D",Shawarma Classic | شاورما كلاسك,d7mi.amer@gmail.com,https://maps.app.goo.gl/rS6wdt411BC1Nq7b9?g_st=com.google.maps.preview.copy,https://drive.google.com/open?id=1Ug1G8zNK2M9D-uwXIZrt4AP8nCtIQokl,,24.676302,46.675682
7/23/2024 12:45:41,"https://drive.google.com/open?id=165X4fTY40zDznt4ubpyHcScM0_yxb9Pl, https://drive.google.com/open?id=1ff6ePS1f3GtzTm8OmbutuPt5KqQHaGp9",Baskin Robbins,d7mi.amer@gmail.com,https://maps.app.goo.gl/U5WnimnEWn1DZHcRA?g_st=com.google.maps.preview.copy,https://drive.google.com/open?id=1Feos11POnHe3BApheQGooFKQN-KXZDbf,,24.6762502,46.6756926
7/23/2024 12:48:09,"https://drive.google.com/open?id=1NP2Nspo4Td3rGXxDvO8p6TBBmA4wcYWD, https://drive.google.com/open?id=18i1767yMwPzULSaAvlMUXKbwScKHvTVj",KFC,d7mi.amer@gmail.com,https://maps.app.goo.gl/GkF9eXsTBQvTHQ8ZA?g_st=com.google.maps.preview.copy,https://drive.google.com/open?id=1dMjO8JZ0nxCLMyZ1onj2lFfJPMBPbYeV,,24.6764546,46.6761413
7/23/2024 12:50:31,"https://drive.google.com/open?id=1Tu-UzbLBPafyl1hzUt-IJ0hqv5Wcy8zp, https://drive.google.com/open?id=1W4b0DVxb6-1FhCChHDFfjLqlgioT5X07",الرشاقة السعيدة فرع آول بلازا,d7mi.amer@gmail.com,https://maps.app.goo.gl/Xar5hqUSbRryhQyV9?g_st=com.google.maps.preview.copy,https://drive.google.com/open?id=10YdX8FygRf7LRZQEwNvdZ9B2VYO-S4zm,,24.6761919,46.6754907
7/23/2024 12:52:34,"https://drive.google.com/open?id=13uawIcoX6gHbh1rVksgrugLf2ZNrTyPt, https://drive.google.com/open?id=1MLfKuClZ9sW6EWn0YWtWMYvifLGbhO0Z",The Body Shop,d7mi.amer@gmail.com,https://maps.app.goo.gl/TKwVY2MsTW1X2G3L9?g_st=com.google.maps.preview.copy,https://drive.google.com/open?id=1RGI9lOqm6gZ0WQoDkDY9SiInQyRsAYaz,,24.676507,46.6762455
7/23/2024 12:54:29,"https://drive.google.com/open?id=1mEP147kX6L9ogUXqgyHVF_ZhN1jfG9Mw, https://drive.google.com/open?id=165d1QMY8Z9d4p1gwRi1hCZ5dr5ks6GIt",Starbucks,d7mi.amer@gmail.com,https://maps.app.goo.gl/8WFEux9k2nAL9FNn7?g_st=com.google.maps.preview.copy,https://drive.google.com/open?id=17xXIdIj5aguS5tDtMCllp7u6SLv9yhtF,,24.6763674,46.676509
7/23/2024 12:57:11,"https://drive.google.com/open?id=1CFujK9aR2hFbImLnXShghexiDkU1srYK, https://drive.google.com/open?id=1-uA8ErrYbWKVT3McAsX5rAssHv2jqDU2, https://drive.google.com/open?id=1HQLNgvhJOJtklhJEGQh1TRSplXLu5Xzh",Haagen Dazs,d7mi.amer@gmail.com,https://maps.app.goo.gl/xPJ5fQvsd6ora4RA9?g_st=com.google.maps.preview.copy,https://drive.google.com/open?id=1Z27dhMK2mYsoBzYW36cxQSrs-R50eWCv,,24.6762034,46.6767775
7/23/2024 12:58:33,"https://drive.google.com/open?id=1Wpu45ozpWKXlY81-_NzPQbOYK-0g2M7K, https://drive.google.com/open?id=1N-rm5wu2zAcAuAcXY23BUwOEKyJLNQ3V",فرغلي,d7mi.amer@gmail.com,https://maps.app.goo.gl/HSN8tJ2DrAfgFJw48?g_st=com.google.maps.preview.copy,https://drive.google.com/open?id=1EfD5tpUYkYa-3vzNacDMRLN74ASDMuYe,,24.6763141,46.6770117
7/23/2024 13:01:49,"https://drive.google.com/open?id=1_TZLAcO0t96zEZRd5AJpA7iroPRzLadY, https://drive.google.com/open?id=1hZ6_sC2g7H6oV5Ke2lkraI1C0cQeYZDn",أوركيد جاليري,d7mi.amer@gmail.com,,https://drive.google.com/open?id=1JBe6Fo4Yi4qqQuEeBA7Zf7LHWApb_Xjr,,,
7/23/2024 13:03:37,"https://drive.google.com/open?id=1VRR0g-uHleEyUxWWYE82h_uNt7gx3FA5, https://drive.google.com/open?id=1L-QMtCEMcXj_NjhgvrpgwO_-KbMrSk6V",Whites,d7mi.amer@gmail.com,https://maps.app.goo.gl/fwZqtTAv1pe7SBHh8?g_st=com.google.maps.preview.copy,https://drive.google.com/open?id=1kQfm3q_rJTHhiXbS9AhF3S5ukbzCiLpO,,24.6758125,46.6763125
7/23/2024 13:06:47,"https://drive.google.com/open?id=19H2ybc2ocOzTZk-Qa37WJ0LSwdME6-1H, https://drive.google.com/open?id=1LOXv6I9ZQO8UHvK6_pRnM21UhCsRWoe4",ORANGE BED & BATH,d7mi.amer@gmail.com,https://maps.app.goo.gl/es917Ggknu6BXopZ9?g_st=com.google.maps.preview.copy,https://drive.google.com/open?id=1mYjNIBb6uUCgYjKkZNmH79PqioEJOa8k,,24.6885113,46.6828115
7/23/2024 13:08:48,"https://drive.google.com/open?id=1ww3VMWSIT5XGknLwLMeX6OnkKnhkBMJt, https://drive.google.com/open?id=1oVRzPHX9cTP3qJEwXOpQHCTWh-9cMmpN",U.S. Polo Assn,d7mi.amer@gmail.com,https://maps.app.goo.gl/jYvGbGJHdXLgTMQFA?g_st=com.google.maps.preview.copy,https://drive.google.com/open?id=1_xLKZFAc7XHrhiVkyUGikd4p1xFQ3Iu1,,24.6884183,46.6833907
7/23/2024 13:11:42,"https://drive.google.com/open?id=1P6H1JOlECqCei9CHn_JdUyYDUJcK3WkY, https://drive.google.com/open?id=11P_-3RWghSlyih6kzLPulFjLHFYjFBbL",ZARAHOME,d7mi.amer@gmail.com,https://maps.app.goo.gl/TddEyrAcCm5Jroxq9?g_st=com.google.maps.preview.copy,https://drive.google.com/open?id=1evXoInfdMcGtESZ-2ZoPkpYqEf8sSSBg,,24.6886583,46.6833901
7/23/2024 13:13:43,"https://drive.google.com/open?id=1pAQ_nmVVVMDgC0vOhFl56ppl0z8eyZXp, https://drive.google.com/open?id=18c9YamRyK-iv4Qma96Hfba8UdN9CBXa2",Massimo Dutti,d7mi.amer@gmail.com,https://maps.app.goo.gl/QvzEXgeL3Qw4XCQQA?g_st=com.google.maps.preview.copy,https://drive.google.com/open?id=1U4HmwjfUe2P070OXS5LIFCqjz3B2uQcU,,24.6885113,46.6828115
7/23/2024 13:15:26,"https://drive.google.com/open?id=1vtlP0y0VCssWgqx59wM_EMK4s1_bNUFb, https://drive.google.com/open?id=14LVH5lA-uv7gexESYRx-571gNAr9NDTQ","https://drive.google.com/open?id=1vtlP0y0VCssWgqx59wM_EMK4s1_bNUFb, https://drive.google.com/open?id=14LVH5lA-uv7gexESYRx-571gNAr9NDTQ",d7mi.amer@gmail.com,https://maps.app.goo.gl/ASD9fKbA6dmfB7Ny8?g_st=com.google.maps.preview.copy,https://drive.google.com/open?id=18wMziwf-tsfnGsr5eYKO03kY4Soswa6j,,24.689115,46.683144
7/23/2024 13:21:35,"https://drive.google.com/open?id=1p41i4sYTeBUqyXZv4jaz2s_kWZG0hYMo, https://drive.google.com/open?id=1eMYvLFpe4RExwQUZ5ZtFz_n8UaOS7Tur",عبدالصمد القرشي للعنبر و العود,d7mi.amer@gmail.com,https://maps.app.goo.gl/Ftzpn6BcwPZuM43x8?g_st=com.google.maps.preview.copy,https://drive.google.com/open?id=1hzNswvy-MwM_xfDC--IeNOdMiE990Ew3,,24.6882358,46.6829645
7/23/2024 13:23:32,"https://drive.google.com/open?id=1rvx4E49g_lUTvGlKCP0kzArMt8Qjzc0r, https://drive.google.com/open?id=1QWpudshOvNII32hfD-44jPeTdOs2_p4B",Wadi El Nile Restaurant,d7mi.amer@gmail.com,https://maps.app.goo.gl/DBn28taVov2neiSs8?g_st=com.google.maps.preview.copy,https://drive.google.com/open?id=1AGBW7nHT83ZKVU9cM1yIr9zlGU3c0H_e,,24.6882538,46.6829353
7/23/2024 13:25:30,"https://drive.google.com/open?id=1mMT22bxBjSZbj1mHv1TWQzb-jdVbzlfN, https://drive.google.com/open?id=1IK2X-NJ82cFNfOlPzl9oIajI3MjLsXxr",Asl Al Lulua,d7mi.amer@gmail.com,https://maps.app.goo.gl/vH1zzAebdPXFqFam7?g_st=com.google.maps.preview.copy,https://drive.google.com/open?id=1jQ5Hwy70v2qbuVY0BgOmLE306QRje3JM,,24.6880638,46.6825745
7/23/2024 13:26:57,"https://drive.google.com/open?id=1lfpMRnnY-QFIuCrbLfCGEiWYFF8e7RJH, https://drive.google.com/open?id=1yQc8WVaO77h8rOaGSlATixWzWbf-eqn1",Makani Cuisine,d7mi.amer@gmail.com,https://maps.app.goo.gl/qXCXMuif4FgK13QZ7?g_st=com.google.maps.preview.copy,https://drive.google.com/open?id=1pjOI2KRkQfUQxWERgY8AnW2bS3m3aP40,,24.6874508,46.6813109
7/23/2024 13:28:46,"https://drive.google.com/open?id=1eYawC5FjvpswCVEL12d5o7r2I_XxHLYG, https://drive.google.com/open?id=1AFAuhWazqagSzhZwqE4vXpQKJ0MTR03a",Hamam Abdoh,d7mi.amer@gmail.com,https://maps.app.goo.gl/QyyTH84cxRhPY3K3A?g_st=com.google.maps.preview.copy,https://drive.google.com/open?id=1BNCQ-83-I34wUUOG60E3e-1pMDgHmsbf,,24.6871644,46.6807426
7/23/2024 13:30:11,"https://drive.google.com/open?id=1u9UMfapfmdF9gZYIMKycXmS_bIIPlaIt, https://drive.google.com/open?id=1DF83rCz6zr_bWIhuK8hXusttPg-t6o8N",المطعم السعودي (Alsaudi restaurant),d7mi.amer@gmail.com,https://maps.app.goo.gl/M4SAFiRCzbDFxEGy5?g_st=com.google.maps.preview.copy,https://drive.google.com/open?id=118WDPxBjCE9ps4unbuNpRi4ypW6fGhfr,,24.6872513,46.6806147
7/23/2024 13:31:40,"https://drive.google.com/open?id=1lX-wg6r-FzG-YWNvnhL1HvrkwF6hs0bO, https://drive.google.com/open?id=1STgN86RhxR0zYy9zaZB2xo1RpgYaqqjx",Bayt alhamam,d7mi.amer@gmail.com,https://maps.app.goo.gl/72dW8wdEKV2uZhcW6?g_st=com.google.maps.preview.copy,https://drive.google.com/open?id=1SsgHl1FGRNS5LZU0RgdB16Aq1mMQ8HdP,,24.6873386,46.6808574
7/23/2024 13:32:58,"https://drive.google.com/open?id=1Kk4gumYppn2WJQoX6vJYBnQLz5ZY4els, https://drive.google.com/open?id=1pqF9C-bz8P6kmTCiGjXoFhebFgB_cX32",Saudi Corner Restaurant,d7mi.amer@gmail.com,https://maps.app.goo.gl/e7bpNd9ZhGsF1EVP7?g_st=com.google.maps.preview.copy,https://drive.google.com/open?id=1WmqmRJlAz7imPyFOVCylKq7FsjoE9v0b,,24.6871828,46.6804243
7/23/2024 13:37:35,"https://drive.google.com/open?id=12GScDGL-xS7-b4wwEZpPZieaEYZb7e89, https://drive.google.com/open?id=1UfeW9w_S9fe36s7qqKEuAbpQGYQAat00, https://drive.google.com/open?id=10tIQpp8NLq-u6QkT9z-zDfrTNiDjFZoz, https://drive.google.com/open?id=1Z6WIhhsXMcp9vxUn1qS40O1y1ZryAMZm, https://drive.google.com/open?id=14R4n5mvubEOa0rsP8sFvGqEj45r5bLO3, https://drive.google.com/open?id=1aA42CeUuQJoHr1BlHWB3clVYs8gAyAm-, https://drive.google.com/open?id=1tgxxW9HQuQ-gQnPcN3tmzbU--XhOTd8a, https://drive.google.com/open?id=18ct9knvMOyrOblL9UVGKzaaF-XDcVNhL",مكتبة الملك فهد الوطنية ,ci251.3314@gmail.com,https://maps.app.goo.gl/PKLo2tWQm62Uqw5J9?g_st=ic,"https://drive.google.com/open?id=1DXGXyqmKebASZJi6W8ufH3Uj7z9LwA73, https://drive.google.com/open?id=15rufJu7ddmS23Vu0xigBl0RyKo8qOqKd, https://drive.google.com/open?id=1QSQjVDH7yURFEt6CKeaX1ArC0xtRnAaM, https://drive.google.com/open?id=10sCSrkSz99DMowo2Rc3fOfuMGxSMltyc, https://drive.google.com/open?id=16NnLM5mslsOsRTqK4uxfiwjsNMYqv7Nv",,24.6856332,46.6865329
7/23/2024 13:44:12,"https://drive.google.com/open?id=1RYsq_ZNr9r3UkyL33Y3e44dUmDXL2cP3, https://drive.google.com/open?id=1an6OA1vXNtLCyVNdp5A4PN8iy50r9g4O, https://drive.google.com/open?id=1Jqvf1EtVl3svWsvcM_AAKPX2dJzJbEpY, https://drive.google.com/open?id=1_G1F4rAh7DeIzvyHG40XNUtKfypvwHy2",تيم هورتنز,ci251.3314@gmail.com,https://maps.app.goo.gl/aTDuXi3Kh9cX8TCj9?g_st=ic,"https://drive.google.com/open?id=1e7mFvjPPBGJ2LQgmnEgR6k8JcqTxNHRw, https://drive.google.com/open?id=1aL2pahhEYk7BY0LvNE7GuX_a4tmLUO8J, https://drive.google.com/open?id=1b_9xwWMgjwxnbm_HIl3ppX75oiFTKzBP, https://drive.google.com/open?id=1fNkZOdMLqOePjecJfPJwirrWQw9_oChW",,24.6873399,46.6851089
7/23/2024 14:09:47,"https://drive.google.com/open?id=1vOlwrJbNGrpjFXd66ImSFI-9YTWfpJ8C, https://drive.google.com/open?id=1OjLnYa8H61qSXDwSkU3ErirClRgSO6Ze, https://drive.google.com/open?id=1AgF9OsI6sMI_AG7MXaxyQPoVxzna_oCj, https://drive.google.com/open?id=1eRacOJJ9wWp7Npq9IJm-jv4KtVkgkz6w, https://drive.google.com/open?id=1wcM-YEVaoeVGYrQUZO32ftpNGFifwpJL, https://drive.google.com/open?id=1fkOHSzd8R9_7sWvTrHiOYHi9Y1LpSUg6, https://drive.google.com/open?id=1qrBMHwggSvWw7sXPKrCCNqu-eVdtJNZe, https://drive.google.com/open?id=1FXVyeewAt24LlMVH8RwTFDtSzlp9Y2yK",هارفي نيكلز,ci251.3314@gmail.com,https://maps.app.goo.gl/31M8EEog7Vxob9CG8?g_st=ic,https://drive.google.com/open?id=1eJI_bsqMvWpgaJ1VpFqcDnWdby_1DrQx,,24.6888288,46.6843991
7/23/2024 14:24:07,"https://drive.google.com/open?id=1XNwn5_h40430Qyk2qtX-372ZHqZujckJ, https://drive.google.com/open?id=16_xSSusESvDmtwjz2uf-pmx9ztjGkXR3, https://drive.google.com/open?id=1sbD0JpbM7BIdl3lmfWBKoczZCW_Pn5FY, https://drive.google.com/open?id=1NfB0cFOEgWJihhb0ef8jn4HIhpQ57HbE, https://drive.google.com/open?id=1EYv3s8Xv3750U3INv4Vl_hbiVDlNC-dr, https://drive.google.com/open?id=1BRZ4jp0ZrOl__IFGW0tpHGac_KxUFpcA, https://drive.google.com/open?id=1voYYx3eqFhkyZHUb7ahVUDeTcg44dJ9d",برج الفيصلية ,ci251.3314@gmail.com,https://maps.app.goo.gl/64vucRH28tNfJuhXA?g_st=ic,"https://drive.google.com/open?id=1c7tS7Rb0fdbPzMjA1wm1EVAtocFrv5rZ, https://drive.google.com/open?id=1Z1FTf3o744GcOivbgyJ7j_1468wmpGh-, https://drive.google.com/open?id=1xfRySO7c8eOAAl4-3hWyj2v3ZI3bJSwD, https://drive.google.com/open?id=1710INtLmOgc1-ittDFhkLPQUbKjGYpF_, https://drive.google.com/open?id=1mitW2YhE_E9c7hGbC5nVK8zgpBu4JgYD",,24.6903158,46.6849687
7/23/2024 14:29:50,"https://drive.google.com/open?id=1z-euweFThoCjFuYvDURcQfLcAMHsfX7v, https://drive.google.com/open?id=1RjBFVGCd8fdNnYgHKL936zmMtP0zBk4E, https://drive.google.com/open?id=1vvWpSKgTTcqCMTcIkyErmT5freE-Pr4v, https://drive.google.com/open?id=1EXHwvhjmFbzFwpHccGash4ZC2ykPS7X5, https://drive.google.com/open?id=14XKIgEbvsS8I81FIqFaxCE9aQ5wHbrwA, https://drive.google.com/open?id=1YbuuqWIFpHK7RHchQZfIG4lRcOEPaO3v, https://drive.google.com/open?id=1zed00Qymip6_vNIQcLxv0RPMDChmnHqI, https://drive.google.com/open?id=1k5k19_TqAVpc-lDNs7r-audU50kDAXpn, https://drive.google.com/open?id=1OggD0C0mKwsQhs9CiwXnclUIHucOLKdH, https://drive.google.com/open?id=1nqRybHv08hgAqOOOrsPdT8gh5-GyXJlT",لابراسيري كافيه ,ci251.3314@gmail.com,https://maps.app.goo.gl/8BABLkY8r1VSaaP58?g_st=ic,https://drive.google.com/open?id=1Yzw_-Ke--ph4N5BM5Po7FNkoWLyaPiqg,,24.6904438,46.6840971
7/23/2024 14:38:40,"https://drive.google.com/open?id=1njYsBfwFVy93NVMWGTvaSt3ljs5z7Nqs, https://drive.google.com/open?id=1dEbcyPSQmHt3V5QWJzUZZdXsYNBO9gk0, https://drive.google.com/open?id=1u_ELlOvzPYfNgRqUpMLI0M4etcmBNfBJ, https://drive.google.com/open?id=1-uzaSzQvXWNdEK5em9vNoOdyoZSGZ0hl, https://drive.google.com/open?id=1unB90ylqAlYcPVp7nxSupS7piEyWPsJ8, https://drive.google.com/open?id=1-WHGzQYUNV5l9YVIqvRBexY-x2QvqSta, https://drive.google.com/open?id=1UeaTvjGnl7gpoUXfzRuiPAnKtCC35qtq, https://drive.google.com/open?id=1KZ6Wk8zPza0rdsgb3Fo_GJYjbAM1uYc_, https://drive.google.com/open?id=1P0LJTfesBrbz4M5csH4wkITZWs19tJkO, https://drive.google.com/open?id=1985Wsjg1bYfZ9BZm6brf6Qk3rno7vlVi",ال بي ام مطعم ومقهى,ci251.3314@gmail.com,https://maps.app.goo.gl/SvzF53DKhMwhuqYy7?g_st=ic,"https://drive.google.com/open?id=1ok7VuyZKJh3UXko1hmU0cAcV3BT5IZsy, https://drive.google.com/open?id=19eXOpM-i_IZ7M3DvAOPErBJxFj5fLUFr, https://drive.google.com/open?id=1ru6D3pvh6p3uNS-A0kMWRrCC69rDac12, https://drive.google.com/open?id=1Kts1I2xnVZLQhGHfmwWqYVXVfyz_6rvx, https://drive.google.com/open?id=1dJogB2V1lNptcM3HLumpSVRxKa8nqAAD",,24.6907541,46.6841285
7/23/2024 14:58:00,"https://drive.google.com/open?id=1HI2iddxemF4oowpLVz8MKzmnOEc8wVNA, https://drive.google.com/open?id=1yHKnXgxHmgya_0Hz0tj72RvLibLYd8mf, https://drive.google.com/open?id=14vNijRuKhOh6sDGNxvmA442bl_-7QSfr, https://drive.google.com/open?id=1AWexALLarDJYUK0Y_zj2kacLQ2lvA-e0",Cherie ,ci251.3314@gmail.com,https://maps.app.goo.gl/nXLStFNHi1nc3gdZ9?g_st=ic,"https://drive.google.com/open?id=1_K9XIzuzSer6UyfYJoVUjpKNihD4Fi1z, https://drive.google.com/open?id=19RMquqjbCJBm_8BYbNShEmoKx-LRFVuv, https://drive.google.com/open?id=1NyezpeKuqKOy4VKH-kzys8Sp2JsFkr1w, https://drive.google.com/open?id=1iFFVGC3jG9lcCbj4TTr0aVWQd87x6W5r, https://drive.google.com/open?id=1WnPfkAlx6GSZ-IEMX2dQSfxEI08K20lk",,24.6957467,46.6843262
7/23/2024 15:15:34,"https://drive.google.com/open?id=1gyKl1QGmSLGx-XlxeVtIPa2Q9UTTzFsR, https://drive.google.com/open?id=1yxlzU_HSIiIEUOemordl3t_V2ekqT8Mw, https://drive.google.com/open?id=1mYrRfWsbH7rEZzfXpqXFBUrH5KhB2FKr, https://drive.google.com/open?id=1letF5XivcSecoQvyAlpcUNBuBm4eVaHF, https://drive.google.com/open?id=1fC5IjLkJew_g1b3w9A5Nqi4dCYYLf-R8, https://drive.google.com/open?id=1zBLXasbMEHPNsaOqXOKNUngWKIgZmT7d, https://drive.google.com/open?id=1CA9K-NK2xbrrd1jSb7vTAu2QWHWb-QL4, https://drive.google.com/open?id=1rdAP8KUoEZntxCWTvc_l3XwCHGMDlZHb, https://drive.google.com/open?id=1Om0cVcgk0u-OeN1aWsMXWVGW2Z7UCaTH",Bossco roastery,ci251.3314@gmail.com,https://maps.app.goo.gl/srzuDScsWW1mhQji6?g_st=ic,"https://drive.google.com/open?id=1wUwVlu94hoZEKPavfgvIFh7RepzCbU23, https://drive.google.com/open?id=1RtHLLgBu2sxHs_5UptpmvKu95JWNDZA4, https://drive.google.com/open?id=1_KcWeh6_DwUClz2xerJutucp09PYX84B, https://drive.google.com/open?id=1WeZ1F4qv5zTO7PVJa1A6pwb0KM5LtLkT",,24.6951471,46.6846965
7/23/2024 15:22:08,"https://drive.google.com/open?id=1IP1mpAwNbsaL-z1OCXtmTIevFmlEydWi, https://drive.google.com/open?id=1QEybDR18NDwS1vO9wuYGfsMF0Uqu1Mir, https://drive.google.com/open?id=1Cs4u6aRQkNIOvbWPH5ZIRkwGMWWsxzkg, https://drive.google.com/open?id=1KEyax6Pu_1bjmPRpmg_CEh_4SYPg8uIH, https://drive.google.com/open?id=1Ku5Ms0Crc-AESNv20mcXENSiA3dTc3PJ",Foam,ci251.3314@gmail.com,https://maps.app.goo.gl/38AwM6GvinQgCRFu7?g_st=ic,"https://drive.google.com/open?id=1kb92Umarbvcu5-sSvalbUj-IXdxx7P_P, https://drive.google.com/open?id=1bSqkVIxfr4IKk80gmbotkLCT15GaR9tm, https://drive.google.com/open?id=1mk3VwTt_-8VMqLlLBCpstjpSrlNViXtD, https://drive.google.com/open?id=1asHjZSZGAK_YdQP5qdxdiY37AAduOesK, https://drive.google.com/open?id=1maK7XzAInJVBu4Hb3NMZulTWGLhzef_M",,24.6959127,46.6842674
7/24/2024 1:18:16,"https://drive.google.com/open?id=100Zowtc5lEMALgddi7KQZehN3dM2f0-y, https://drive.google.com/open?id=12BykV_mWF-7b_Q54nn7tJIsXwFd21D6v, https://drive.google.com/open?id=1my5RVIIzZxhCu6W4JPIjZhf4j1Vqn4eT",مسجد الموسى,ci251.3314@gmail.com,https://maps.app.goo.gl/fS2x4jg1DH1SzY2d7?g_st=ic,"https://drive.google.com/open?id=17nmqsf4dQlKcCo9jII_QzCHgX8RKyzBk, https://drive.google.com/open?id=1-duKq3ssgkaTdkHEEMrqNt7P9cpkBt89, https://drive.google.com/open?id=1SB_ggxja07WOmZEMzy1FLFEfBOeJ2nrM, https://drive.google.com/open?id=1jEZt9h0wUDsh8IWEA81Lwk6izRLkUOYK, https://drive.google.com/open?id=19Gve0aNwgZ4qUvCleQsHChy4Ud7AF3uL",,24.6858371,46.6904179
7/24/2024 1:23:45,"https://drive.google.com/open?id=1EK0M8JGJ1dVqXPpBiOYejAz8pI4lpSB6, https://drive.google.com/open?id=17To4kPJdUigqNLySa_JnEoBz3pPvC_jG, https://drive.google.com/open?id=1Kx4v1XQqhKfe6KMVSmpL1Y0CGuaBxDQK, https://drive.google.com/open?id=15UboT_QpnLZm2tVxDRH4HJ4JDMEGZBEF, https://drive.google.com/open?id=1YNVAT6iCBMAmKxCMskdZPY-o2K9edryC, https://drive.google.com/open?id=1Sxam0y61fGx25vSoIwNOqGggdJhM4ulX, https://drive.google.com/open?id=1dbVWT0JnOzw1nZx6hQliFfFn8zT5Yrqy, https://drive.google.com/open?id=1A2zkd2HYMN8GeFkw-L1OXxg281s_ffLo, https://drive.google.com/open?id=1lCFgU3VZZTeawbR1mt0YYFsBxn8jcKb2",مجمع الموسى التجاري ,ci251.3314@gmail.com,https://maps.app.goo.gl/kP7ZQijG6RrJ2jhh9?g_st=ic,"https://drive.google.com/open?id=1GHuf7fobtXlPphXPibDjeRWgZit3i275, https://drive.google.com/open?id=1kpdRImPXMwH_-OVLpnYmtgUXJnQd26_j, https://drive.google.com/open?id=1hZbOTwF1nDVwrUOStLNPEinWafiHFm1c",,24.6857575,46.6898533
7/24/2024 1:29:08,"https://drive.google.com/open?id=1bMFn5T3F-_-yCY15K-axg-e5NlWp0hUw, https://drive.google.com/open?id=1lejTqA2XB-dcV5D161Vb1YmNYR83Z8hw, https://drive.google.com/open?id=1yRbfCHbkdVnKNv4S4yhikMrO3kk7AMBu, https://drive.google.com/open?id=1LkQSQVE9QuwUJ0f_do82akHrFXhCvUUa, https://drive.google.com/open?id=1WUU1GpdYSUUoV_hL6oJAe1KrI84hRW1w, https://drive.google.com/open?id=12hfa2dOL86CsTIWToGx4a6167hsXoPYc",إرم ارت للفنون ,ci251.3314@gmail.com,https://maps.app.goo.gl/ePrX2PTguMnCzNRCA?g_st=ic,"https://drive.google.com/open?id=1gEhoybXyPWmmiXk98NzS6U7qEcdy9EMf, https://drive.google.com/open?id=1z0d7d_Y47PrnCfuXFor7dYeNk8VZ6iKl",,24.686804,46.689548
7/24/2024 1:35:08,"https://drive.google.com/open?id=1vaV5Nd38i1YcAu6P5swcGHEdqX1tBJ0u, https://drive.google.com/open?id=1MiPpSarOHB3JoCZQbx72BUPQml9PdBlZ, https://drive.google.com/open?id=1EYDVnIuG1YHSdiH7scTTZr22w4Bv5X1-, https://drive.google.com/open?id=1t0H-njK7OqP7vi3gtlFDvLO87djppZ3C, https://drive.google.com/open?id=1Ms9blbgVUcfOYM1xlOOSJ_pkX4liw4MX",مقهى السبعينات ,ci251.3314@gmail.com,https://maps.app.goo.gl/NaDiuhgc1or8ucLx6?g_st=ic,"https://drive.google.com/open?id=1f1ylodvbfXCV7y1vPcboTwZ1IY3ITGCO, https://drive.google.com/open?id=1HAHAtGzOCEIo2Fpm4O_CnwO2qKG-DZ38",,24.6866232,46.6889693
7/24/2024 1:40:51,"https://drive.google.com/open?id=11KW5Tk2tzZaCpptQokG7B-AHCOxFrgmz, https://drive.google.com/open?id=198izh2ejhCgTob2EntNVHlfFqS1_29R2, https://drive.google.com/open?id=19jYavyljbNj92XrVwNnCBk2kIZx209UJ, https://drive.google.com/open?id=1_nPXaQhNsUznvk3xasOKkpAlw4TxDu6x, https://drive.google.com/open?id=1yNO1KqtLGKHrE5kDhHaK5rQ14Y1qwj5q, https://drive.google.com/open?id=1qJaN7ZLVlZwy0oZQfYX24HfxXHXrBWdx, https://drive.google.com/open?id=1-T7Hq4PTUMb97g30NVh8WZD3At85NjLc",مقهى ومحمصة قاف ,ci251.3314@gmail.com,https://maps.app.goo.gl/jwXq8tK9cCY1MoKM9?g_st=ic,"https://drive.google.com/open?id=1Q1ObE-H_ynMojPzJ7pMy-w3O4Ih9a9vk, https://drive.google.com/open?id=11yVAN9pYjI9F7GoDO3EsK9rpIkUXQH_N",,24.6867221,46.6889223
7/24/2024 1:55:32,"https://drive.google.com/open?id=174aGf8XpfbaKmnUfhZM-T5UCCxF2xoSX, https://drive.google.com/open?id=12YmqOoOavf-9kBCg4HLWlQbbzakuM2yS, https://drive.google.com/open?id=1PeN2nSr83AjLq4gLUjCut5XLAQTsF1A-, https://drive.google.com/open?id=1qm9QfHa_HxLK5mOkid6amrDYvnNXr_Wm, https://drive.google.com/open?id=1hKn5HhBRQmPDA1YwtHYmFg0Bl0PzVjhe, https://drive.google.com/open?id=1MVzeq77t3ovqHzp3KyLDTyXtRQlpHivJ, https://drive.google.com/open?id=1szrqp23WK9KVdzyWFpvYqCp889qgK2M9, https://drive.google.com/open?id=1OF6-9gPHQhrwiF543m2h1_xwlWBtzKns",مرسمى ارت غاليري ,ci251.3314@gmail.com,https://maps.app.goo.gl/aaUNEa5cfk5uyPhu8?g_st=ic,"https://drive.google.com/open?id=1tKtK1RzPFZvnRliiNJEamq75zRpA1xWS, https://drive.google.com/open?id=1aQfB-ec1CwFwgrGUhyLpckGX2hJvVDTu",,24.6869431,46.6889588
7/24/2024 2:49:31,"https://drive.google.com/open?id=1ec634xJits7Y7Gy_d9aWO6HkDtpTkzxM, https://drive.google.com/open?id=1crBcqUbFqErMXqc2FTt1RJRvzWuwRCip, https://drive.google.com/open?id=1AVWqx4N7ktmeQOEuAWtJDDV6rMYejS5T, https://drive.google.com/open?id=1zCxJtPIbp1-vePUd0IFFjhZ8sIgvE13_, https://drive.google.com/open?id=1bwieBQ8lmzcfStoDVzQS0NTYLQQGOpuZ, https://drive.google.com/open?id=1QvqXIHMfFu9N1fxfzUrYPr3Kaj-NM55D, https://drive.google.com/open?id=1_u03ne3_q4ya6jwMNnttGBre-7hwA6CM",كوفي ثري ,ci251.3314@gmail.com,https://maps.app.goo.gl/hgLubZy4zCoN2v2fA?g_st=ic,"https://drive.google.com/open?id=1MGETo6mqvEm-Zxfaf8QWh8ykq-2FbvvO, https://drive.google.com/open?id=1EqxjSQ9yHuR_W3tT0Sf9IkcHqhyCTiwW, https://drive.google.com/open?id=15Fgy4yYdH-NizFm-3tYwpMA-QhoCYS-w, https://drive.google.com/open?id=1KAo4hVA41sMbsy3gijxcy75mi0k8Mh_o, https://drive.google.com/open?id=1zPw1eQIkatnvS5OOHw2bcb0HKLO1qAeH",,24.6932006,46.6857419
7/24/2024 2:52:36,"https://drive.google.com/open?id=1YbR5d4AyIoS97io-FrHUpauH9KQex5Fi, https://drive.google.com/open?id=1m-BCo7tS7ojDjmZDx0CipPnUmu1eJaGP, https://drive.google.com/open?id=1XEhME1ZIpP-eDfPr4m5u6-GuHisQDUBq, https://drive.google.com/open?id=1bBU5UIp-WSnPPXqVJ9Cf6kl8AX9-Ml9B, https://drive.google.com/open?id=1mWYyAtx-8qFzSuiBdDYL3zcU7C9Tonka, https://drive.google.com/open?id=1jBNcSOgMB-EfNtdqNKFMQ7jnZ6ilh0VN, https://drive.google.com/open?id=1wKnHW-JECXe3hI0X_Sq5cQeE4U26rPs-, https://drive.google.com/open?id=1BiSZ8HwajDWEk-GK6OuQjBNRiQogcsRx, https://drive.google.com/open?id=1wE4xznLtkp9GoGhbjlekyYIDQ6dCZJYJ",مطعم الو بيروت ,ci251.3314@gmail.com,https://maps.app.goo.gl/LdCjqptZ6Pd3AtE17?g_st=ic,"https://drive.google.com/open?id=1YGTXeU4D8ryY6juYrUVg3au3zTMqeSZP, https://drive.google.com/open?id=1OFGzv_vFtEElFkoq-oIYYmv5zK4wj9yA, https://drive.google.com/open?id=1QStx4WIGEO5sp216_b_yYF_moz9yhK9h",,24.6934323,46.6855817
7/24/2024 3:01:33,"https://drive.google.com/open?id=1B8xj00Tv4nIdFLiZgdwDdkf4CHq3UA9m, https://drive.google.com/open?id=1wCDepsq18Exo-NqmWgOQbzRM3Y3VFEqb, https://drive.google.com/open?id=1KFwkHKYgu6lTBof7T_90nW_F8-qiITGu, https://drive.google.com/open?id=1Fayd7nzi8_Qdz9k5in3Fdoo_AWij_Jx2, https://drive.google.com/open?id=1y5WJZX5jhlQO8heZYIPYcraUmf2PxqHv, https://drive.google.com/open?id=1IVy6tkee1o_CxrDkbjoKFEgbDHMx0m00, https://drive.google.com/open?id=1EyuAlkK37518wV_UyWqhmX1LWR8Tc42S, https://drive.google.com/open?id=1AWj5hFoUroE1JJIZi1nbi5R8Pva6JRSW",غراس روت كافيه ,ci251.3314@gmail.com,https://maps.app.goo.gl/SaJ5SVugkGrPyWhp7?g_st=ic,"https://drive.google.com/open?id=1XC8dZxQzhfU5aLPZaf--_D1kO4HCLuOo, https://drive.google.com/open?id=1nZ5md_8PjGBqXANhv_hXH49qs1AK8I-4, https://drive.google.com/open?id=1SX_8fPY8Or1wso3nspe74IXN3leU51FV",,24.6938865,46.6853907
7/24/2024 8:30:37,"https://drive.google.com/open?id=19wbqnJV650QT8fqeeUm2cWGR475qX3uE, https://drive.google.com/open?id=1tnl3MFBDhYESHCngZxmgvEUZyNTvEgcy, https://drive.google.com/open?id=13KpZKxJ_F4vOThZDZ_gIGSPlnr95J4Ty",The gate coffee,d7mi.amer@gmail.com,https://maps.app.goo.gl/s3vbxoQpYPEBPh5U6?g_st=com.google.maps.preview.copy,https://drive.google.com/open?id=1DmrP1MjW9yUnY9pCfaE-KHKs9hjSans4,,24.7440166,46.6604088
7/24/2024 8:33:55,"https://drive.google.com/open?id=1nRdEQtdC01m3ca4mfP3jw2RnRc0k2QaX, https://drive.google.com/open?id=1R7kS4g7RHZfZt5CnAqmtrkJa5j6PxGWS",الماجد للعود,d7mi.amer@gmail.com,,https://drive.google.com/open?id=1LQfFFERX0i0YXfYMNmhgqePhd9qTCcaz,,,
7/24/2024 8:38:38,"https://drive.google.com/open?id=1K8hNkzEl7roDt4Xc4wFPXx6CyWktYCKP, https://drive.google.com/open?id=1NFCAaG6QKyFM0Q6M2FosGdrwaMWraszg, https://drive.google.com/open?id=1ium2bAPD10sUh1GT-dz1ERt_LRDXSzCb",فايلت | Failte,d7mi.amer@gmail.com,,https://drive.google.com/open?id=1iSZ7l9D_e9kn89zSUEJrZSmbrC9eIuaD,,,
7/24/2024 8:40:54,"https://drive.google.com/open?id=1nxjYnJodROa2JZK66Ocr0TH3pMqPYbYB, https://drive.google.com/open?id=1v4JuFg96Tk2-mBJ-3C5zTvRnHLk-KlFb",اكتان,d7mi.amer@gmail.com,https://maps.app.goo.gl/M7MqPngM2dpdBwhNA?g_st=com.google.maps.preview.copy,https://drive.google.com/open?id=12_uClZuxP1yj0lzfo6ROCouFNDKYh57a,,24.7447913,46.6604677
7/24/2024 8:42:32,"https://drive.google.com/open?id=1sJlufq9aAyY6AWwKUZqoEcuI7dzdYwgC, https://drive.google.com/open?id=1UvSS1JomJNkX5GfWp4Uh2szyYpdF2mUE",اوبرا فاشن,d7mi.amer@gmail.com,https://maps.app.goo.gl/M7MqPngM2dpdBwhNA?g_st=com.google.maps.preview.copy,https://drive.google.com/open?id=17xcSCjYcRvHS6ewUACz5O6Y6K3sdpFDp,,24.7447913,46.6604677
7/24/2024 8:44:46,"https://drive.google.com/open?id=1ZbmoUVJjJAlTx6rBVZeWcaad8tYafEvh, https://drive.google.com/open?id=1xkxGWA5POPp-bv7yIY_SygRDYZqK9yff",العيسائي,d7mi.amer@gmail.com,https://maps.app.goo.gl/M7MqPngM2dpdBwhNA?g_st=com.google.maps.preview.copy,https://drive.google.com/open?id=1j-k9TJkVHGDiZ4mzZMPdz4VkZNYW4kM4,,24.7447913,46.6604677
7/24/2024 8:46:37,"https://drive.google.com/open?id=16gwjG1ejsEBTqvt7cSQJnpQ09uj9tfI-, https://drive.google.com/open?id=1ALfFym9SCaXGj6VfLfWknXuqzUwessDk",نور ميسان,d7mi.amer@gmail.com,,https://drive.google.com/open?id=1YwYWzx74udkKYRkrpcBKzi1RbMHe5I7O,,,
7/24/2024 8:47:54,"https://drive.google.com/open?id=11572jJpiV8vzoR_ET1nyHJxi6vkSc3G6, https://drive.google.com/open?id=1QfT4H8W5eboabldIvQ6T_GE392gNumC4",نقاء حرير,d7mi.amer@gmail.com,,https://drive.google.com/open?id=187JaNCCQxPYppBmvkvm3vHcDxCq7tMLH,,,
7/24/2024 8:49:37,"https://drive.google.com/open?id=1bGdQu9b_FeUfKZnOxXrElfs9OgvLynUo, https://drive.google.com/open?id=1f6IIl24QI88OiLdNkFOU4N8HbCrEObCE",جلكسي,d7mi.amer@gmail.com,,https://drive.google.com/open?id=1op4CZ-S5O5uQacPp0ONIFZnOO41A37hi,,,
7/24/2024 8:51:58,"https://drive.google.com/open?id=1L0SKmV7QLwE5o359sCmdhGuwosGI4_Ua, https://drive.google.com/open?id=18BPw5e-DlXiv222Pxm_ZnEdXsfGB1A9n",درر اللمسة,d7mi.amer@gmail.com,,https://drive.google.com/open?id=1rvXKd50mee85TlFVXPpmnVx-slfVbjLQ,,,
7/24/2024 9:07:57,"https://drive.google.com/open?id=13hoVFC7vRb9bsujQFssSXNd8iSr9trbL, https://drive.google.com/open?id=19A5KXOTYCxUgfI4L7l2KOT4FHt9f30Ue",بنتي نواره,d7mi.amer@gmail.com,,https://drive.google.com/open?id=1UNqzsqfp_I29MsAlTcoSkn_An6K4bemq,,,
7/24/2024 9:09:24,"https://drive.google.com/open?id=1lh_9rx2DJugzEqfU6wvcretebK-XXtHg, https://drive.google.com/open?id=1Wj3M54MbXbd_aGz5aN4NE0mSrcJ91umc",كيوت,d7mi.amer@gmail.com,,https://drive.google.com/open?id=1F_z9l0NoJmsR6rDgN9nkGYmlUkkvevne,,,
7/24/2024 9:11:08,"https://drive.google.com/open?id=1ZW_XA8-o50_j2K575KVS1Y2FMozfwQV6, https://drive.google.com/open?id=1d2GRQ63XmvfKKHcII7v9tLMT09eJd8CD",كارمن,d7mi.amer@gmail.com,,https://drive.google.com/open?id=1on_flRghiKYRXXofzG6h0_8D2ZAwMKAL,,,
7/24/2024 9:12:24,"https://drive.google.com/open?id=1rswCsqqXb7yTx_OkhPeRS0viJaNOJzIG, https://drive.google.com/open?id=1Kyhsxz4z2UXV1XMe5cUyDsDobw8Ey0Cf",بنتي لينا,d7mi.amer@gmail.com,,https://drive.google.com/open?id=1SWZhJkeIlQYbMQKrIsZ8STvHtnUTNvhg,,,
7/24/2024 9:13:43,"https://drive.google.com/open?id=1G579lliORwg2X3rL7SV-atwsWePZUFX6, https://drive.google.com/open?id=16Ujf37D5mguHP9ywbXZI5hKQfaQN4G-L",تالين,d7mi.amer@gmail.com,,https://drive.google.com/open?id=1TW1_07razCbsD6tWZJxl3BTCholDL90g,,,
7/24/2024 9:15:59,"https://drive.google.com/open?id=138kRvaKtQzi8Dlah-RBv3mujqQ31S1Vm, https://drive.google.com/open?id=1dsQ1QDmmey3nzHzSgbgzgdmfd3-lp1IK",لازار فاشيون,d7mi.amer@gmail.com,,https://drive.google.com/open?id=1eicmxZI91SgHmJfDICNk0p6Fp1EiTN9P,,,
7/24/2024 9:17:38,"https://drive.google.com/open?id=1kSCiYpZXwE3nl9grAxHtujIilEVF9FUW, https://drive.google.com/open?id=1zQ_ChraqhSPd6SJTR5GxbmmcM4K7gY8W",سيرة,d7mi.amer@gmail.com,,https://drive.google.com/open?id=1E7kGrt_sYUPYQN4Hm3pyHUhGV969oChe,,,
7/24/2024 9:19:23,"https://drive.google.com/open?id=18Z492dlwpTANOppVYpjPZhWCzlLaCR6w, https://drive.google.com/open?id=118zIdRPDgu44W7XSkI9hVMRKKpCIA1Ba",سيرة الفضية,d7mi.amer@gmail.com,,https://drive.google.com/open?id=1cq-5qH6naWMxZa8C0aA13Az9Tv7sHSCh,,,
7/24/2024 9:21:26,"https://drive.google.com/open?id=1WfCiYfgL2623kbDUZESQKqv-ES0JOmBp, https://drive.google.com/open?id=1zlu5yyRv788h2zVfap5L46Cz0UtzmyaY",اللورد,d7mi.amer@gmail.com,,https://drive.google.com/open?id=1VMsl9CvPBl4ysoFjZo1c72knyw9p87Dx,,,
7/24/2024 9:23:12,"https://drive.google.com/open?id=1YWNEIpIMupKViI19JHRV8H3S5xbvnAkS, https://drive.google.com/open?id=1b0VH9WvT1WOXnvta0nnddHjVL57dBjSG",مرايا,d7mi.amer@gmail.com,,https://drive.google.com/open?id=1Wx3zOqbaV0667p3Kk8i19FJlpudE7IXp,,,
7/24/2024 9:24:58,"https://drive.google.com/open?id=1SmSmL0ocAevU8piZozqKReFDO5749NKT, https://drive.google.com/open?id=1mwJDAgU0uNei484r-XdzsFkIos0AiNg9",أحذية بيسان,d7mi.amer@gmail.com,,https://drive.google.com/open?id=1QMCEDRYtr9gwn3m6c1bUWScvO_YwoVuK,,,
7/24/2024 9:30:08,"https://drive.google.com/open?id=1DONKJuZC7ZjyO8gyCeg1285tslW_onnV, https://drive.google.com/open?id=120VRq1-qqmQamz6njRxun4Gwh0CcSGEY",تنارا,d7mi.amer@gmail.com,,https://drive.google.com/open?id=1TSS95vuTPnc8Qiz86mva1pc9xyh6AcCp,,,
7/24/2024 10:28:00,"https://drive.google.com/open?id=13Jmpy2BszyzOq3mOyXfYWl9xacA9tMzU, https://drive.google.com/open?id=1rIruq0_Qdr-m3xakTdM-BmYTzCuMgvZ5",سمو الإختيار,d7mi.amer@gmail.com,,https://drive.google.com/open?id=1uYl-Vvwi99GQMeLfNQQCIZQMji5r7zLD,,,
7/24/2024 10:29:10,"https://drive.google.com/open?id=1H_7Zdfl7xkk_BR4c6qGQ2vuNlxEu9jKl, https://drive.google.com/open?id=1uG5htJyo8W0z-lWHGqxNlmGD9eBAouHi",لمسة رينا,d7mi.amer@gmail.com,,https://drive.google.com/open?id=11UkEUkSSfITw6Ua4cY8YiXT2EhCUoGdk,,,
7/24/2024 10:30:31,"https://drive.google.com/open?id=1HEQ1aruRTVV8pGrwOZ354ddqMkjQ8mE-, https://drive.google.com/open?id=1qA7sockE7bj8P9RBvLocAVxsengfJwx2",أحذية البانه,d7mi.amer@gmail.com,,https://drive.google.com/open?id=1YQI1ylorU0YBFN0juHZZ4h4VT8456cgR,,,
7/24/2024 10:31:42,"https://drive.google.com/open?id=14xLdt1SvwK9FpAvY6Co3REi4mhZyOtgY, https://drive.google.com/open?id=1MFvfCDjHX7FO-e7XqChTc7owcd-NN87Z",بيلسان,d7mi.amer@gmail.com,,https://drive.google.com/open?id=1lDf5Q4NgfmY095H55Grd3TRqkfH3K87Y,,,
7/24/2024 10:43:01,"https://drive.google.com/open?id=181_5HEMsFsZn_LvQDEDvLbVyzO8HABQV, https://drive.google.com/open?id=1hpm4qWmTFpzydr-NYOfNV0ZdlGaJXpfS",دار فيل,d7mi.amer@gmail.com,,https://drive.google.com/open?id=1i7328vHltYhUaDq7e6LyBHq8Sq7__Nk8,,,
7/24/2024 10:44:30,"https://drive.google.com/open?id=1URNtLtrX1Ztg1gl6lEhm_nOaESTnLOFb, https://drive.google.com/open?id=1bGsGXyAvkMNENwcmfX8lbbSOb1m5joAF",اصالة Asala,d7mi.amer@gmail.com,,https://drive.google.com/open?id=1A8KcFmXbxH7BD0IfBJgVuq2082PSzRIw,,,
7/24/2024 10:45:55,"https://drive.google.com/open?id=13CxhOJvvdTja9gNzYlyBOcCrAWqhNWUO, https://drive.google.com/open?id=10iv1rfou6v1RAXuD5yHFrFzeWSFmioj8",الأنيقة,d7mi.amer@gmail.com,,https://drive.google.com/open?id=1rbO3s7C62S5nDqjRyjp8Fl5mZMHPgybn,,,
7/24/2024 10:47:05,"https://drive.google.com/open?id=1gtzDQEj7XRMMSJB5hUw5OnRuoyCbRvb4, https://drive.google.com/open?id=1vpOrVAcGF1YmUKtpKWtsK-VUudwIou5I",تموينات زهرة التميز,d7mi.amer@gmail.com,,https://drive.google.com/open?id=1_5eMACFiLMbSZJD-oZzroc4jvcQtAoN0,,,
7/24/2024 12:31:50,"https://drive.google.com/open?id=1S4nsqvJPtUbcQfCkF2Zu1sRZk8nXwHLB, https://drive.google.com/open?id=1h94r1bxfaiIsVWIhKw7bnAK-qiZflGSG, https://drive.google.com/open?id=11KuizKFjmzvvrbHxhMzHPlHthyI0uX2z, https://drive.google.com/open?id=1Sa2mMFCdptjaOFvvl9i4XSPMEvCfDsip, https://drive.google.com/open?id=1N2EEGg7SmOHNkIV6QKMojD9-DMc60cCg",لاروستيكا بيتزارايا,ci251.3314@gmail.com,https://maps.app.goo.gl/srzqJiTn9pVAF8UC7?g_st=ic,"https://drive.google.com/open?id=1EWoTzYcL8_mvgIqBA1kH5KdA21NhdtRY, https://drive.google.com/open?id=1SpgfqGilGxIRsT4SNzPjmFoxZlbsDi8i, https://drive.google.com/open?id=1-dKBDYkkVN15loKjOM4N4PWRYFlkx-gI",,24.6945896,46.6834839
7/24/2024 12:36:45,"https://drive.google.com/open?id=1AYXoj58T_wq6yQzmd_tERZPVtTx8HKyN, https://drive.google.com/open?id=10WKmYdwTd8yZtdNVdtud-f6oUNQxD-j6, https://drive.google.com/open?id=18r4saw4ovrHd-3iJ4ZEWkP9U1EgL9Mh-, https://drive.google.com/open?id=1meSFAVIgnkOnGuBB6diN5NggTqflD2Bg, https://drive.google.com/open?id=1J2deiQHxSD-GFjynIofWFDD1M3D0Q2_J, https://drive.google.com/open?id=1ZpuY0hrYhB8OWzNHBANV7EXm1x8yokcC, https://drive.google.com/open?id=1pi6_-JJgJ79VrpWMaEW84FPoRQU0a8C1, https://drive.google.com/open?id=1AFHu8c_lCZnurK2_ALeVbVht_-QPtOnY",وايت قاردن,ci251.3314@gmail.com,https://maps.app.goo.gl/AZcscyFJRUzPKGcj7?g_st=ic,"https://drive.google.com/open?id=1oxPd_UkQmEdC0Fduk-bhyChHBvvWsO-Z, https://drive.google.com/open?id=15x9sZssH-oqRoKJiPKsSfShJPiLawfeC, https://drive.google.com/open?id=1kyJEFV4uOWNQ_l2gWICkMc4U7FLRBXjp, https://drive.google.com/open?id=12f4_pk-lYa0w89H0C0CTX3PgBhjEmHMi, https://drive.google.com/open?id=16rrZuJPte951L1kH8cq70wi7tl5s2_eZ",,24.6943084,46.6836945
7/24/2024 12:44:37,"https://drive.google.com/open?id=1dJwuP-YbdseJn7zLXAMSSAj96X936qMk, https://drive.google.com/open?id=1hr5l8RzvcQs4lYm0yoXdgK9MjKgE0Iu3, https://drive.google.com/open?id=1G5ARs4UZdXmoqa120SSHW2v8pIi1IUor, https://drive.google.com/open?id=1fIcb80DJ3-x12IiSeRivG-C3mpHCH1cu, https://drive.google.com/open?id=1ODZIk8o1-mtuCklhrCC-Nhx36izPz9ut, https://drive.google.com/open?id=16M-0Fk8VF3qVsHZEmb-sYLqStcYwec37, https://drive.google.com/open?id=1_oLmHqN-cLnLJMbxZnT2ECc2BFvoaZhT, https://drive.google.com/open?id=17emvCF0xJtLGxuXuWbqcR3HZ3EvIPprf, https://drive.google.com/open?id=1bbWjhyjkTpWRLwUqiD9VKrxlD7vU6jRb, https://drive.google.com/open?id=1S0dKGx7xQXsNh_U62TgZ2t_VrA-R6zgF",محمصة وقهوة ادمي,ci251.3314@gmail.com,https://maps.app.goo.gl/3VpZiFdEkMs42far7?g_st=ic,"https://drive.google.com/open?id=10YtJ7XzedhtTNQmlNXaD7uAyQtnLg03w, https://drive.google.com/open?id=1SXizN9DiF-lJ0kzZvNCIRUrAIWgqlA-0, https://drive.google.com/open?id=182UNReUqZF09J5Zv6t9rBt8hjCIVtM2i, https://drive.google.com/open?id=1LPRHGSQKIKxJ_ueW--JH5-dBSlEx-mZ-, https://drive.google.com/open?id=1NW1MZaCpPv3Z5FtzJsz96iFAKHM0TtfD",,24.6941888,46.6833986
7/24/2024 12:48:27,"https://drive.google.com/open?id=13NbKoDnzBaY500-NLKXDb9dSPEgfGrbT, https://drive.google.com/open?id=11lxLSDl-RM7Q91u1fJEiKlhqO-lvZBnU, https://drive.google.com/open?id=19csBKBiOb_ekH7ERna_3cJM8MX0kqqUT, https://drive.google.com/open?id=1jbUykVg4N2WHNrh9Sy83AeF2-wgE-SYn, https://drive.google.com/open?id=10EFeYnE1Xwo-EG8o27Ifi5VUlh_gRs86, https://drive.google.com/open?id=1ALSsy6CGOTiPiV4duzUjiaYg2p61_lPm, https://drive.google.com/open?id=10q7pAvS9LWGJ6RyJ_LRq3-gaB-3_MXqs, https://drive.google.com/open?id=1pg--bxFOFF-eM1jVXGDC3u_wuCjENrdP, https://drive.google.com/open?id=1BCfS_x6a5apkt1czzfxy8yZEtdr-GxXd",Coal-كول,ci251.3314@gmail.com,https://maps.app.goo.gl/9KJpifR1Yy7EXyor8?g_st=ic,"https://drive.google.com/open?id=1ZAsRd7YDlQpTChuqEOnBMRl6_hofbrMb, https://drive.google.com/open?id=1Fqd9eTE8HlVG9aboaj6VmbvU61PX9e2W, https://drive.google.com/open?id=1MxU_CB1KV5OClgN51MYtAv5mTOS7DBlW, https://drive.google.com/open?id=1xS5KtEFvCQLYp64dxON3NtBOEjwpxikm",,24.6942912,46.6834211
7/24/2024 12:52:56,"https://drive.google.com/open?id=1kRyCnO7bk5guepV0QUXevRi7P5M0qGW9, https://drive.google.com/open?id=1fl9p8W3lI1m-_wL7CYSf3mAAh5a6NVna, https://drive.google.com/open?id=133Q3UoAIUwYRqNTQcjF9vh64F81OmGFp, https://drive.google.com/open?id=1AjHzwV6mtwgEC9VMmoJOSlvdFNuQaXGg, https://drive.google.com/open?id=1v5svB2z0jULuRZvyzvI3BjFMn4Max0fq, https://drive.google.com/open?id=1DUirz4tvUFMGI6DUPIUpsTddorfb-dTC, https://drive.google.com/open?id=1aJcuNnIWDr7_zBDnBGmnXZKE1fT-V-xd, https://drive.google.com/open?id=1mI1-_K8S6I4WyjSOqcS-2S5CpAiTJlZI, https://drive.google.com/open?id=1aPO6I_xye0Uzqr7DKwtGjstZ5Y9dJJb4",ابراج العليا ,ci251.3314@gmail.com,https://maps.app.goo.gl/JucttZDg5npfbxeS9?g_st=ic,"https://drive.google.com/open?id=14LzovP1rsR2t6WWeVgbXh0fZAKyMSP_U, https://drive.google.com/open?id=19OwTYOKd38_yizRDVeEOdJabLw5b0iOv, https://drive.google.com/open?id=1Xz-Wd4R1BFz9O5M48K72XdtLEmAcfflW, https://drive.google.com/open?id=1IM4jdbkaYTfvroACVVxDo5oi2DsOBRaV",,24.6968158,46.6820007
7/24/2024 12:55:53,"https://drive.google.com/open?id=1YQixe3EyVTufzzEdBh_6zkuQjOX8dDYr, https://drive.google.com/open?id=1mUYo_dPRzStHcaFcYqSK06MlGGB8DuSu, https://drive.google.com/open?id=1nETU48fl5e9fJMFwMxrL-hyiwoVU-gBp, https://drive.google.com/open?id=1LgG_b3i7n7HMRVwHhnUEfwrLc0UvN-hJ, https://drive.google.com/open?id=152Adv_irqFStuaPipDwQTECHp-4QVGNp, https://drive.google.com/open?id=1yIJ0P-kQ5jK4ZH7w-ZMmfznEtP446GaM, https://drive.google.com/open?id=1qpa4ygnqm5AGGqXEwQPDfam1M5iSG0gq",شومية ,ci251.3314@gmail.com,https://maps.app.goo.gl/hMqPtq7EnTSivqtg9?g_st=ic,"https://drive.google.com/open?id=15Lw5U-kXWPMf1XjbRllR4qJ8A8YRe60D, https://drive.google.com/open?id=1rSaY1hNI67XxHKfaOO9GiOYab1_rMaHn, https://drive.google.com/open?id=1fFIQVQO1hvntHz6dxl6nXBBHQpzdb3gA",,24.6968798,46.6822976
7/24/2024 13:00:11,"https://drive.google.com/open?id=1ARE4eRVpkFJMc-p-vFgdzxuZ_23YOTZn, https://drive.google.com/open?id=1GFvpH6bwj--gN4Kq9TzCDwFKoZUfBUrS, https://drive.google.com/open?id=14mmH_Ug2H-jx3jUAhslrUnOeGSBafQOU, https://drive.google.com/open?id=1wihgnn1DvSygjya78gwl9YXqLkROjEOI, https://drive.google.com/open?id=1Spn9i-fcmVd9YFGzwz7tGJlMLY6okVD7, https://drive.google.com/open?id=16Pu52doK4BqeTrIIaNYb8w6siG4sNzNY, https://drive.google.com/open?id=1UBau5QzgYrZvvqv6huxGuw06c_19PUmS, https://drive.google.com/open?id=1IgIvhBQOoFgvHolhEPw1WXqlozok6AfQ, https://drive.google.com/open?id=1sxNDc5G_SxgsIS4aQgy1rgHhq3-4XDOK, https://drive.google.com/open?id=1WRAb_ddhbUcBFBLuIVQeBwyByWd0quSq",توبيز ستيت كافيه ,ci251.3314@gmail.com,https://maps.app.goo.gl/eDY3MdZ2tjkFSFBD8?g_st=ic,"https://drive.google.com/open?id=1zUl-lCVrgnRvKtNsH2VXVGIbBQiT0t2m, https://drive.google.com/open?id=1BR7rvxh5O5AdqBGFcWZ7QTcsLL2xuIH2, https://drive.google.com/open?id=1i6aILKVidzmDUeD2eqKoWCZ-YymJ7eVY, https://drive.google.com/open?id=1vee3_RmRXqCWvstw_Y6QuDbxXSIh0rnq",,24.697038,46.6831246
7/24/2024 13:11:55,"https://drive.google.com/open?id=1c6UgsIB-ou9QMPuER8MczS6GO4jxfbd_, https://drive.google.com/open?id=1C3F5dAhmv00cKz2EIv3tcPRHCebsD2U8, https://drive.google.com/open?id=18VIg6GbhrxYiXP9ggP7enDaSr7lYZQEk, https://drive.google.com/open?id=18S-e2lmeTQ0YV0qHbSrdsXsOEuvElAoL, https://drive.google.com/open?id=1Pb9uVWznFsuYZkcd29_Z5gLVFp5n79tE, https://drive.google.com/open?id=1xuCW2X0LBxMmUdsyON7cSOMYn1ivMTEX, https://drive.google.com/open?id=1avS2hyTIbpnXi3d4mvYDBdSq3zcBaX4e, https://drive.google.com/open?id=1qIPDZ09cgi4LPJ03y9aQGNyk-8eFDBgg, https://drive.google.com/open?id=1VmHEBslimlbe_VExNIamCqOUANxxaGdX",بوڤية,ci251.3314@gmail.com,https://maps.app.goo.gl/QxLvhUT1ajZbJaMh9?g_st=ic,"https://drive.google.com/open?id=1tjSrMWF_Dv85CTVp7u30j20nk703wEU-, https://drive.google.com/open?id=10ascZBrEkmsDBps0DQY2CsGxOBbExpjH",,24.6965625,46.6829375
7/24/2024 13:18:12,"https://drive.google.com/open?id=15zA7OGmiUPtJkKC_ojuzF9yBfd5G9m7n, https://drive.google.com/open?id=1Qe1fL_sD5mx5p3sj53eH6-e-cCHfmhle, https://drive.google.com/open?id=1dWOnBtDyiX0w6G84Z09BUP9ql_vOoqlB, https://drive.google.com/open?id=1OfPan3GE69l2jb5bO1Q7BgVasZH-LfVB, https://drive.google.com/open?id=1P2OGhP-vBLSFAljEXoVDqwqYpMC4-88A, https://drive.google.com/open?id=1egq2240QvZghh7EizNBROPsSPVZWpe3s, https://drive.google.com/open?id=1IsqUrC7q1WWRNEeBwKdV4HOnj0gutjfS, https://drive.google.com/open?id=10uiLFy0ciFDJc6-VY2nmROzXp30xziSf, https://drive.google.com/open?id=1ciWLPCEorOn95Ou0cVqElT9P0a36iood, https://drive.google.com/open?id=1UbF4udlg8Ko_ctm01MhNB6949gMCcbno",سنتريا مول,ci251.3314@gmail.com,https://maps.app.goo.gl/zisqfqMYasRLWAo76?g_st=ic,"https://drive.google.com/open?id=1m-gr4WETB4F5u1XMKCNJKH_UR6pIhpJK, https://drive.google.com/open?id=1_rlg-YfowFSNgo3ja_sNPKTRBaynHUVs, https://drive.google.com/open?id=1yuu6XgS7qHYf0Vl1NxFhP0bP3dkdGDG2, https://drive.google.com/open?id=1k7LnPdu5cGmnBxaMdqS99yGSW2iWcEan, https://drive.google.com/open?id=1pI_DSp_proG3LWva7sF5MfyX5H7Bbtw_",,24.6975045,46.6839733
7/24/2024 13:23:17,"https://drive.google.com/open?id=1i3gB0WfHc2yXZZjToARJyTy3fGNYGSio, https://drive.google.com/open?id=1TCNqjiy_9KbD5uRBa8SJroZbfQoJ-sTF, https://drive.google.com/open?id=1qkopipm6pc82ENxSqI4ybXDirAjkmkM6, https://drive.google.com/open?id=1E-nUgrPzB7a4PpNIBi2ZoJyvE2mvb4bD, https://drive.google.com/open?id=1B661FrXedtIZaJI99dHc8m068RXtfBIY, https://drive.google.com/open?id=1NCOAKuylKI56apQ42AMYdH5_3NO9H0-H, https://drive.google.com/open?id=1rD7l0WkQJb1p5HP_G2XSnIra0mzfIUTR, https://drive.google.com/open?id=1Vy1R3xcyRnVV4EM6CQbao2wZ3J7TBeVm, https://drive.google.com/open?id=1KewRLIfX4yw-VmjogEHrPVusS1SBi0cQ, https://drive.google.com/open?id=1EnSYkAQtBwSfZOdamPNg0JRGRZ13TH-k",محمصة ومقهى وودز,ci251.3314@gmail.com,https://maps.app.goo.gl/5VMEZoCXJjgn9i598?g_st=ic,"https://drive.google.com/open?id=1xQ3MC6Yyu3G9B1uFvBRy8NNM-W6je5ek, https://drive.google.com/open?id=1svQ9RoHqxZ4VsQlLcqGElNx3PquvGasD, https://drive.google.com/open?id=1W39Ou50rSgv7-eTcgeobR0fgoWBK7qoB, https://drive.google.com/open?id=1fmhS-7PWSIAoWi4ccvGN_nMaMCZKjJuB, https://drive.google.com/open?id=1WQNvAowC9OVp3VfdgVfvTx1FqIyRsCIj",,24.6982742,46.6832109
7/24/2024 13:31:39,"https://drive.google.com/open?id=1vVsGo8ZRBh5khYZe1Zu9OUd03EIgjzTH, https://drive.google.com/open?id=1OOEkF5L5aHQSR_wxHYi5FABTQPJpPLyh, https://drive.google.com/open?id=1MJ7wq146-WAGLYCrkHcN9s5llHvq1wRp, https://drive.google.com/open?id=1D3ggTNmfgUEThuI2KYsLPx0ouDj3GaCJ, https://drive.google.com/open?id=1suiqVDPWXmI2Ka3CUMdjP3eONVYF90hm, https://drive.google.com/open?id=1K5OgyA2htu23SDHeo-AfSNy5_i7qOn0v, https://drive.google.com/open?id=1IOL8RnSV0E8DeRmAXo1ehKKFqHxgc7J2, https://drive.google.com/open?id=1RROxgfuVKPrDBPgbNNFoGyJs64Y_ETUq, https://drive.google.com/open?id=1iC7xGirDkEA0YbByi1g57gXUflmoUS1R, https://drive.google.com/open?id=1JRzc8ydstnLdzQ0RLyD38OdrmMVg7AaU",SoMatcha,ci251.3314@gmail.com,https://maps.app.goo.gl/6VNAwEQjSf8SgxEq7?g_st=ic,"https://drive.google.com/open?id=1sDQjM_AWAAbCA0k4FinM1_fIgAw_3TFH, https://drive.google.com/open?id=18nB61SW1QU0Z6cUwJIcT_fp422uwBqUC, https://drive.google.com/open?id=18KdlOcodPRiBVUboFPzFYhS80T-czvUQ, https://drive.google.com/open?id=1-BAtfNkcQKqqQ-YBz8bRe7BZn8dS95pq",,24.6984531,46.6830537
7/24/2024 13:37:07,"https://drive.google.com/open?id=1RgqC8znYeNfK16W292Avh8DNzT3URKkz, https://drive.google.com/open?id=1HC9JdnmylSokOy_EHfPxzCrUveNXT5vi, https://drive.google.com/open?id=14hgV_2OsJ3QuN048Bw7Ax_5tCL-ZfFs4, https://drive.google.com/open?id=1ifz9Lqy5HG4McFx6U9uruMLxNSUmlvM2, https://drive.google.com/open?id=1TC2QC2QoBoubdoDyq7cuaES20__Jc6OG, https://drive.google.com/open?id=1oiaNG9VeGClnk9_7g0CEElzanjUTYRAh, https://drive.google.com/open?id=1EPHpZIcjBqTCgD_zzXRBVXjYsY3P5Yxx, https://drive.google.com/open?id=1We1DggIxNB-Qyrv75wkBmgD7vZOoWLze, https://drive.google.com/open?id=13VrSY0Na7bOtKWeaY3qdNMejjZIbMFws, https://drive.google.com/open?id=1LREVwidz5pob0Lf7M87X76ylblT63sHL", split,ci251.3314@gmail.com,https://maps.app.goo.gl/oa8w8ZAFJ8MALG2A7?g_st=ic,"https://drive.google.com/open?id=1wCRv-7Kpc4PkMv6TYrYmqqlYWXoPQFrV, https://drive.google.com/open?id=1abHRg0lWzfAyY7w7mQM479Hn5Xfk541k, https://drive.google.com/open?id=1Rdqr04n0PFRyXJ7b5ZMmFRyQarqZoMYP, https://drive.google.com/open?id=1igwQI9gxW0NUAQLns6rjCOY7ZqfaWlmt, https://drive.google.com/open?id=14TuLPKU2Wdvg_gQw1U4zyzQGJpAr2XYl",,24.6984713,46.6830446
7/24/2024 13:44:00,"https://drive.google.com/open?id=1lqVPsbydNIqeLZTaBT4UJnn_oO58Nfra, https://drive.google.com/open?id=1MlUO2pkk7PK43GyNzB4jTWecKWQdw-Oz, https://drive.google.com/open?id=1cEIDpIiGbRVM8EDIhzEpZc9f4EC06AHM, https://drive.google.com/open?id=1Jya5S3hu5wvCvn7qfk4CKK_9uMBhL-jm, https://drive.google.com/open?id=1Wv4a_TQlEEm19AMLVhbJ5h9zphZh5pbf, https://drive.google.com/open?id=1SNBT6dCrkc1LO-Cr3pLCzhhLRetSY0wd, https://drive.google.com/open?id=1cX9stWKb3pdHpnCjgCw4TLEf23XFMJnL, https://drive.google.com/open?id=1n6KLtqG7FUpaMHU_7GDj3LCCHblN-2aX, https://drive.google.com/open?id=1EUtYXbQQKttz1jyfzN3rX0FS7b_Thaul, https://drive.google.com/open?id=1xTvfaTKFdRHyWzrqYvLvasBIZM3d7Z0W","AYDEE , House Of Aydee",ci251.3314@gmail.com,https://maps.app.goo.gl/8B3mFeg1o2onVLVj6?g_st=ic,"https://drive.google.com/open?id=1mdk_0Q70TqMvhQPsOyXKY-nYRM5t9q-D, https://drive.google.com/open?id=1vXcrmdQ33x0Q2iHWmNTxs6hZ-eCXDQKD, https://drive.google.com/open?id=1Zaymo8BwlbYEU_1ZKkeYqZU5jFefO2Uu, https://drive.google.com/open?id=1QdnbYGCnc8R8KPNAKlIHRvV6aGqRumFs",,24.698867,46.6827777
7/24/2024 13:46:10,"https://drive.google.com/open?id=1LOlYIXyGkNG4bWpheL2Z8mM0kudFmn7X, https://drive.google.com/open?id=1-7HlMkE3z3sSfW4bzlcfE2Vmm2EjngP_, https://drive.google.com/open?id=1KEDUuM_HvU79N3ZUmlo3yRdaRlK4yMu5, https://drive.google.com/open?id=1BsSGL6x63TtOHkmz1MNtO16_2Jf-Y8tI, https://drive.google.com/open?id=1XhadU3rHyHMOn3LYefDPmp59xewJ3pl2, https://drive.google.com/open?id=1BRjRaohlsYP9o5YrtZ5IpiKbDdsesjVd, https://drive.google.com/open?id=1qrKZPAj1_x0-BUi01DPYueerKAlOdw6q",اديداس,ci251.3314@gmail.com,https://maps.app.goo.gl/qV6AKF9XFbSJMp8A8?g_st=ic,https://drive.google.com/open?id=1HyzB2C_QTqQ87KbG2vkaZP6oK5mmb2kB,,24.6989322,46.6827146
7/24/2024 13:52:33,"https://drive.google.com/open?id=1IImP0rmT8_dxBiJZ4n53rHisnD0Mr2p3, https://drive.google.com/open?id=1hMQTIvFgt-YrWXjUzcBZ9BRhRDaBqPTM, https://drive.google.com/open?id=1QSlblIdR65IaxAANGJLL-iTRNZmMifKq, https://drive.google.com/open?id=1_fBnFmeAENntR7fsYOmy36FkQVnBU99-, https://drive.google.com/open?id=1_6R23yHlAqPMypenvEe96eQP_r69307N, https://drive.google.com/open?id=1CoKkltAExlc8JkufYQ3_SBl9f7Kk5sya, https://drive.google.com/open?id=1XDi1MZ_Ah9nwE6dbd0K8AS4kEapodrp-, https://drive.google.com/open?id=1z0R_B2PhA2-yWbFUZT03tWVEeKGIjBUv, https://drive.google.com/open?id=1k10mSUjjyPE8H8SljtOo-KAbrHapgHx2",NOW BY NOMAD,ci251.3314@gmail.com,https://maps.app.goo.gl/7GK5Hw51Ru5X398A7?g_st=ic,"https://drive.google.com/open?id=1J-6cQtdVHa8KFiW8o2wrUBlAnVq-yKs2, https://drive.google.com/open?id=1O88Pgi_kgLV0VHaAYDFr-LwCJsHaSPir, https://drive.google.com/open?id=1tPeJtb_HwP90hnlh_3C6Vm5vvMm5l07M, https://drive.google.com/open?id=1Pwnv7EbAoHR1b0bGFKp0Bt8VtMLeyw1u",,24.6964816,46.682689
7/24/2024 13:56:29,"https://drive.google.com/open?id=1VzEPuj1OYJBdTgU6WC49gwSokDJpX3rJ, https://drive.google.com/open?id=1nwJFgyJd3YtIjGnYroxVW70AOdCLkA8g, https://drive.google.com/open?id=1gFTAHp8CGUch-OIBcxMWF72L0HbvpNUh, https://drive.google.com/open?id=1DBsa4JmBe2YFRjjY-5kgirMlJCV10Jvs, https://drive.google.com/open?id=1-jbAGUKIXW_P286AnVxqdDAxYPKxbIGr",مسجد والدة ناصر السعيدان ,ci251.3314@gmail.com,https://maps.app.goo.gl/C6V1SSFufbgCwap26?g_st=ic,"https://drive.google.com/open?id=1X_3eNRx7y6SSLtZOG5B6bSlZzLPJScnx, https://drive.google.com/open?id=1KtvqdMQg7V3HvxfdQuPVZY6EoV2_aH9Z, https://drive.google.com/open?id=1vjwT1xXxKpwXRwR_kJI7gGhntSDs_Z1-, https://drive.google.com/open?id=12KrWbIEKxWwCcG-90YhBfNuFFnA9gk22, https://drive.google.com/open?id=1MHXpH9Au8eEh2p7Uh62bT01r1FaE7_2U",,24.6947456,46.6823036
7/24/2024 13:59:54,"https://drive.google.com/open?id=1Aj_NWCQBd7oIoHABHJOLQtxYWTYM1sn2, https://drive.google.com/open?id=1rhlYw4LtLvqbdY_TNbO9LmMpf9GUEVHW, https://drive.google.com/open?id=1YCy0zKDcV5pF9LwbYLX9REjF_DaF-QKe, https://drive.google.com/open?id=1w283bRf546s_f2qoDfa1I68126Vc90zW, https://drive.google.com/open?id=17eTraWM3gm2X8oZ81Sl4R2esFBhk6D5q, https://drive.google.com/open?id=19AX8Obg6hnHYagCAhwCkNauHBOFxZEIq, https://drive.google.com/open?id=1eaDRRl6dC30ZNGQ0FBy6XPr509kt_w6-, https://drive.google.com/open?id=14vI_lk30_Sw8Isknm28ttmQKn8cCMo3E",مذاق دلي,ci251.3314@gmail.com,https://maps.app.goo.gl/BU4QRVDNxhGz7KJEA?g_st=ic,https://drive.google.com/open?id=1_oZom1SNs3-ki3f1BlR_JP8yb5siImzl,,24.6949445,46.683075
7/24/2024 14:06:12,"https://drive.google.com/open?id=1ayFztV-eq8q-FqHJeadgOlLUGzCppAka, https://drive.google.com/open?id=1Y7-IJC-d5szAvQNelHtDFSVIqyymQe7B, https://drive.google.com/open?id=1rDtf4pejvYJxRZDsYRvKj58ef51lMEmx, https://drive.google.com/open?id=1lN1arTj2wjTME-W5JocG2xURnVMTTKgF, https://drive.google.com/open?id=1eeW3OGwF5cauAEradPAaRqtQHpJLRwCD, https://drive.google.com/open?id=1sjnoL-pku4S9PIobIeqblmz6lY9yO2Ce, https://drive.google.com/open?id=1Y-T3IAW3r5wIlSC4L5h6IQgUq8_ZHqXg",ذا كوفي بين اند تي ليف,ci251.3314@gmail.com,https://maps.app.goo.gl/Sma8sPCwp8XKdkW7A?g_st=ic,"https://drive.google.com/open?id=1roP6HYH9CWSTHpgV-YR2TJWeZA5R-n9L, https://drive.google.com/open?id=1f7Ag8NMAyjgi23XH6auVfSMea9pa34Kw, https://drive.google.com/open?id=1uZmMi3kDDJ619zTrn1hsPxlWHLmN4lng, https://drive.google.com/open?id=1Ln93lCgWnclPNNG1-1CnxEP8Hw7uTE1u, https://drive.google.com/open?id=15Y1daG3_PAJZnpxY_vLfrds8eNiC3ZHE",,24.6976875,46.6873125
7/24/2024 14:09:13,"https://drive.google.com/open?id=18WSeeqSTctDqEuG1HeBuKvx2Rgvx0mlN, https://drive.google.com/open?id=1k5Lq7wCj4AYBrqZPLQ30aFlVr7QD_yK0, https://drive.google.com/open?id=1wcQYOj7FMHOy6ec02HdGJ1YBxbZnyHy9, https://drive.google.com/open?id=1eaPNRAMttUyiK202Wf-S0nlNHt9a3J9x, https://drive.google.com/open?id=1dGw6T5QST-2Mbn_kunbyi3I9Q7BP4S7D, https://drive.google.com/open?id=1JPXp6BrGeZJ_52HqC6bpA0_taW4O434N, https://drive.google.com/open?id=1J0LPbMOA2x7RfzQGH-UCX4OrFONmbuRc, https://drive.google.com/open?id=1fh0pzxmlf45D6Sy-dlVdx-sRC83NmMB_",مطعم نينو ,ci251.3314@gmail.com,https://maps.app.goo.gl/o3hpLg2GrBdDofoY7?g_st=ic,"https://drive.google.com/open?id=1DWYeyjAU-UGWs2qeNdGpGVZ3_9NcWIiA, https://drive.google.com/open?id=1lRsem8zzheH9ftd04NbN3iNPCfoD-t9Q, https://drive.google.com/open?id=1Wq4jREJHnsfybVZoG9wVOAMYAFExtFza",,24.697965,46.6868409
7/24/2024 14:12:32,"https://drive.google.com/open?id=1t8P2A_lIK6uRxn7HtT8N3nlVo7YsW6UM, https://drive.google.com/open?id=1N9we52xT4aeO3Gy32ZDJY4eu85_lOoSF, https://drive.google.com/open?id=1TPqo2qyXqCgnuCEMCjLFOOjmEc7XPVqd, https://drive.google.com/open?id=198WU8IAfQdIJQqWLDt94kNf6ffTwyEnM, https://drive.google.com/open?id=1eXuTeesALLBgf_A2oOFtBl0BZEHax_CM, https://drive.google.com/open?id=1iq__Oy8ho5rp1mv6E60iK8vdS2lZ-JDz, https://drive.google.com/open?id=1JuhKiLr9jQCgbmKkJu0aEDOwPC59p9fh",فوت لوكر ,ci251.3314@gmail.com,https://maps.app.goo.gl/6XgnwSWMhCtBhSMW7?g_st=ic,"https://drive.google.com/open?id=10CCBgtW-nUPpP7gBxpsciD_zkaWhK3lO, https://drive.google.com/open?id=1bGQeMWd3bg0mYhCdnto9f7yiMJTzYuiC, https://drive.google.com/open?id=1KOQ2UUvfX9Q3qrvhppX_RMRIbzZ25h_W",,24.6985349,46.6877609
7/24/2024 14:18:51,"https://drive.google.com/open?id=1pW0R3D-MznY7_E8JHV83ovQWQTr0rq5r, https://drive.google.com/open?id=1PG6s0otTyzIkJhGsK8yCC4pxbL6uKEEa, https://drive.google.com/open?id=18N69IFsFic08z2GB1o1c047cbO2mxKHt, https://drive.google.com/open?id=1HAqE0DKQdLeibx2LBvP8tszh_T7X4nmX, https://drive.google.com/open?id=1t-m6GhC6rRJvfM8jltQYChgm6TI3tVki, https://drive.google.com/open?id=1KPen_JZH8dpawnnIFQSfIaHhS6IgWR9j, https://drive.google.com/open?id=13VoM9dLryZBzTzMnjsKFnsLzS2ed9WYA, https://drive.google.com/open?id=1_rsbUTH6-bkG7xhjMuz9msq3JC-kvuuT",Adidas Original,ci251.3314@gmail.com,https://maps.app.goo.gl/okYFpzdPoRcfKjDU9?g_st=ic,https://drive.google.com/open?id=1fWEmKTRKBNsw7ZLFrOJpxcP6A47lRKD6,,24.6989135,46.6886115
7/24/2024 14:28:19,"https://drive.google.com/open?id=1Oml-CZ8jv7ReTusUTw_ZdZbTykRSDldm, https://drive.google.com/open?id=1gdyQr6Je4VZbFlfQCHiQcwwuJ6_H-Uhj, https://drive.google.com/open?id=1LPzCtUNvdMYGuKBbAvYHgry0Q2NCjWsS, https://drive.google.com/open?id=1ql6jnrlMgh6gUi58DRi0whRGgmf53TxV, https://drive.google.com/open?id=1fVkTc-xgPzEgJiZsgFwvlL5Qf3Q5diG9, https://drive.google.com/open?id=1l42pNfg1IC6XrVXjozQ1EQCssb-K1EGk",رودي بيتزا,ci251.3314@gmail.com,https://maps.app.goo.gl/iciNZYwVHGivJKkA9?g_st=ic,"https://drive.google.com/open?id=1arCUJP5jDHYNp9U349VrWTPdA3NcSOzH, https://drive.google.com/open?id=1KwB_ikKdG2UOVNDMmLxfMHTw9Rvln4l2, https://drive.google.com/open?id=1bBJ8WaIz3AdWFxUY07c3aLOK_bac9j7r, https://drive.google.com/open?id=1cmGhVPmOU6S2sawoEThJ3czZmZGrnSYo, https://drive.google.com/open?id=1HzEJEvHvgKtpuAvQGqC614p8B1o1RW1M",,24.703573,46.6815009
7/24/2024 14:46:32,"https://drive.google.com/open?id=147lC08eeIJggxs47y-JxV8IhBQsIELU5, https://drive.google.com/open?id=1NbluC6VoqSYvi5b7810wbngdTvOuMgJr, https://drive.google.com/open?id=1j_j-pxQ73w5HBEzgDA_z8eH1ef7gTea1, https://drive.google.com/open?id=10x9S4JvXuUo8A_QTyvZa7L1O_KitYM86, https://drive.google.com/open?id=1LEoWpDrchLNeP9aUyFnXuK8QiLbxZuhM, https://drive.google.com/open?id=1dMEKFsH8LgtQYDZHultB2WcRlHfFoYzM, https://drive.google.com/open?id=13t8JH8DNWv-xXlNmeutb-jaVWGo_8E0K, https://drive.google.com/open?id=1t0Iak9FPNhFDAQTLcdldnwkxBPtOM1UK, https://drive.google.com/open?id=14Dmx6dG-LisT6vwZH1eiBRMpeBi0yHy5, https://drive.google.com/open?id=19-i7s2f8k1f19y6xCaeXA3dJBFXMvVz5",شفل قهوة مختصة,ci251.3314@gmail.com,https://maps.app.goo.gl/NSTSjLjw74x3y2fC7?g_st=ic,"https://drive.google.com/open?id=11LmuU4JpPtitEBf4Gb6LRdkqrJG561Ad, https://drive.google.com/open?id=1xe_5pWNUqjodHq1YymZtugG9GJ9Wll4_, https://drive.google.com/open?id=1bU8wqO7f3AIAyeZMErENGLxs-yqacQic, https://drive.google.com/open?id=1thHvtcyp05RzaL_yDcJBB8JJ5ToR6Vew",,24.7063495,46.6753659
7/24/2024 15:18:44,"https://drive.google.com/open?id=1ODdxve3D-94c7G1lCIJrBCMFcoUoNMOO, https://drive.google.com/open?id=1b6oseLHmeqFILz-7EOKn_RrtCrMXJ34f, https://drive.google.com/open?id=1RuzKDCMvdn3rh1xECBK4hbXKnHgSIBsf, https://drive.google.com/open?id=1mVCqARtynpG0SH0872FmH-aZE9tfX0so, https://drive.google.com/open?id=1y2SORnlheRgRLSaE_kCLPNJEunCm5TdZ, https://drive.google.com/open?id=1S0a9eBpZIXMzgiVBgAnV8X3nr-iyRRPW, https://drive.google.com/open?id=1oMEx0vRyHwhB9TwJrrqBr0m6aAZfNZ93, https://drive.google.com/open?id=1bCf1Xhhw4rR_b5EJRbhEDLn4eLKPOepb",Key cafe ,ci251.3314@gmail.com,https://maps.app.goo.gl/ouSHAb1DbJpgBbV76?g_st=ic,"https://drive.google.com/open?id=1Qyt27ZLF2NXrCdpW3pWr8PKoMpn7WmFe, https://drive.google.com/open?id=1IOpMB1MP8m_IDGFLmbmmlmg2dzJ3Zr3b, https://drive.google.com/open?id=1lfiD7wA2XBq7yqZk2BoabxROrP-YTaIk, https://drive.google.com/open?id=1kpUC7PZSnktUSObVJNdTBDnpEogvxfIu, https://drive.google.com/open?id=17A7MRuP9vneRfw2v1lpmUcCGZf2KgrWB",,24.7078427,46.6746905
7/25/2024 11:57:11,"https://drive.google.com/open?id=1ZBIdU3iZ890RJNu3YU4EWCpcB3iV8SJj, https://drive.google.com/open?id=1qNJKLO8CLD1KB7KxNpcbr0TCO46xxhR0, https://drive.google.com/open?id=1BfiJ9uq9PPYR3Q36YCqmPilaqnsLShct, https://drive.google.com/open?id=1wClKqZygkN3VnjXiITPgW1T2K8GqAai4, https://drive.google.com/open?id=1CzQ5xeuCpwPYwhV69X5WlghzEuiWXIkE, https://drive.google.com/open?id=1TAgbFQc4T8VICr7CLFMlQQ-HtQQ-Rv_f, https://drive.google.com/open?id=1fioqaMSVQ_aNpUvpdLOjHpGTiw9SiZj1, https://drive.google.com/open?id=1j7du0AYgnhPzm4_xjTJcljQupUSchAaW, https://drive.google.com/open?id=1k0KgZzhpJZnEnoeu70KlkhUHHH8jZo0C, https://drive.google.com/open?id=1oUwmPGV0gOiCn7rSDOQW3Uq1t9LHKIgA",اول بلازا,ci251.3314@gmail.com,https://maps.app.goo.gl/Y1nLZiLhXCdCQUeM8?g_st=ic,"https://drive.google.com/open?id=1XUbvOKzUrO8SkMaCgXb1wndChYwLqyi7, https://drive.google.com/open?id=1evHoi-KK5rA2jFwnGRX1onmP6tNEGgTC, https://drive.google.com/open?id=1QJnMWhymc386N0c95Hj_J7vnz0HgacUi, https://drive.google.com/open?id=1PU1Q24h7of-byTKqD5ZQTonO-dj24uuA, https://drive.google.com/open?id=1AjNPgYBSjDoqDxesmiaNuNaEArXCEeZW",,24.6765838,46.6780436
7/25/2024 12:00:52,"https://drive.google.com/open?id=1BDzK_2weftGw2hWcmdoc3Li0ipaij3TC, https://drive.google.com/open?id=1mdKaBvpelp7x5HiywkDBd0YZQMI_FfTX, https://drive.google.com/open?id=1QgHJQrRdwDaJx8j4zmGcVFaJbM9tbLh3, https://drive.google.com/open?id=192QcuDZauCmKgLVI9e8yHyVdNW0vq8ca, https://drive.google.com/open?id=1D6FLAiA8UjJceDd2OWYWfz5LdNUEqmCk, https://drive.google.com/open?id=1gIvDx1bPq4qi1TpPLXeCMdctKQS0fJP5, https://drive.google.com/open?id=13SY9LieGUzsRt8VY0jNTOwBRq2YjZUzp, https://drive.google.com/open?id=1zgNnKu2j33WjG3XSbgB8iZke7Zas7z0A, https://drive.google.com/open?id=1LLPBCU_b3TENLNuw3NSZzQ0IZFJtQATS, https://drive.google.com/open?id=10LZvLicA0cb67nKGbLCIfRXY4U3K_lm3",هايبر بندة,ci251.3314@gmail.com,https://maps.app.goo.gl/NYjFKJHsy6jAAXmy7?g_st=ic,"https://drive.google.com/open?id=1iIfGtCjnhTsCl7sYJmtkD2Qazcktk1K6, https://drive.google.com/open?id=1-m0GnnjFQXgt8DEp8Bp56A98k4Wr7amY, https://drive.google.com/open?id=134UXO6tth1LRRR1UOxq2v8rQG2q75A0h",,24.676603,46.6767917
7/25/2024 12:06:55,"https://drive.google.com/open?id=1sXNun1RVaU2qksrexa1MFO1hCicKnXVZ, https://drive.google.com/open?id=1VF1XKthcCYF2GXWsh_UVOIcE8DrG2AP4, https://drive.google.com/open?id=1S48OlVnRP5ebl_IxTnygojgSOO0F9XlK",المشوي العنابي ,ci251.3314@gmail.com,https://maps.app.goo.gl/gMxM9HhabwX8BM326?g_st=ic,"https://drive.google.com/open?id=18odC9bpWLD9pMUNek6jH_-IHBqhpp2gQ, https://drive.google.com/open?id=19J9wDvtO0DPsLFKg0itTph1HeUBwObjJ, https://drive.google.com/open?id=1-DmBF9WOF8SnUznrT79TGt2Xi1yfPuop, https://drive.google.com/open?id=1yxl-os84__VprEpzMBhUGLGenJ6v1u56",,24.6761909,46.6767389
7/25/2024 12:10:28,"https://drive.google.com/open?id=1xJuN_1vTYpklTkdcVUsGIx4D9UyD7wKo, https://drive.google.com/open?id=1xFPDKx9zMMtKum0Zip3PJticJRj9t5me, https://drive.google.com/open?id=1wKPRkP2_RS539dREr9Y_d_xtONdOjdIK, https://drive.google.com/open?id=17dD0N1NbHev1ffC4unbK20LvOEcNQxo4, https://drive.google.com/open?id=1ql36nd6jCZiEkVHqV0QowT3oPlU0iA8e, https://drive.google.com/open?id=1wCVOhiusPa0DkGURoutUqo4fKxw-mcbo",ستاربكس,ci251.3314@gmail.com,https://maps.app.goo.gl/BZrCVDTZ156tEkgW6?g_st=ic,"https://drive.google.com/open?id=1hE6xLxZJDezZ8RFD_tjy4rPhLraR-KXh, https://drive.google.com/open?id=1T-Z_OVErTnLmGW9Axwge70FDEBtWC0T0, https://drive.google.com/open?id=1oIn5YzVjGToMNgryq2CpvPpFvar7ZSad, https://drive.google.com/open?id=1Hdf1DUrJgq1h3Q325zrpuYR-ZnwU9o4R, https://drive.google.com/open?id=1R-5GqvwpfNNktn8gO5B3UkLXXW4dqyOn",,24.6763674,46.676509
7/25/2024 12:16:09,"https://drive.google.com/open?id=1UTVw9XSWAEMjhjXvdgSHpB2n49SwM31h, https://drive.google.com/open?id=1ZGhQqsGmdrC6dyl9Qt35F2cPF2kzW1pp, https://drive.google.com/open?id=1WLDfeXJflIihtZ8lomIWAts3Ve_HJ5Oz, https://drive.google.com/open?id=1GoQ6GHxBfDbcvQ5IlqdU0GQ9clIgcre5, https://drive.google.com/open?id=1bEsmf7omgFJxp442l01k0LG3H8xvC_H6, https://drive.google.com/open?id=1RhWbga_WISqFkRhdTKAQcxxZn9xjRxHf, https://drive.google.com/open?id=1IZS34Xk_z1xg8qGm9Moo1yQmnoga0eaV, https://drive.google.com/open?id=1ad4NKYIPiYtTpQkWT6n1G7FwEhkSdgH3, https://drive.google.com/open?id=1LXNwV6_03cwiaaV50l4VbZW_uLMug0e1",صيدلية وايتس,ci251.3314@gmail.com,https://maps.app.goo.gl/ZmYS5SRv5ExBZFMS8?g_st=ic,"https://drive.google.com/open?id=10_sLil8ATtQQ1peIdM_MrTmvjpcIiq-A, https://drive.google.com/open?id=1WwrTCrOxuabsQ3WSJx9rt94_Gfw4IEWG, https://drive.google.com/open?id=16h7_84LyBs9GuVrujP9ur5PmMDL8iRrX",,24.6758125,46.6763125
7/25/2024 12:20:56,"https://drive.google.com/open?id=1IpeU7tOGPqqyHBa1_QqiGB_7Kr-At1s0, https://drive.google.com/open?id=1C2hqnULSjE2YQl3r1ff86l95O1Mrmgk7, https://drive.google.com/open?id=1Wj0vg5TDLTL_WBm06BwsvBq6K36eHcps, https://drive.google.com/open?id=16oHESdylqety2Li6K9Z7oFubZh72kMGB, https://drive.google.com/open?id=1wsSwWVJE8spgX4faz3kwzT7dcdad126f, https://drive.google.com/open?id=1TWs3g97Aj_ugS6X08smFl1OB_g4BWBPk, https://drive.google.com/open?id=1ssnzzVENVnbDpIcwD1cgYchrClHaEU9e, https://drive.google.com/open?id=1pYXdTbZSB7W5RLPpwgaCwM3muBKAqafN, https://drive.google.com/open?id=1NEmCRnyMafPHU77do-VRu-dlj8ksY_bI, https://drive.google.com/open?id=11YQdwDzOZ9LaUk8Aq1SkXCLkpVkVm2BI",صبحي كابر ,ci251.3314@gmail.com,https://maps.app.goo.gl/7tzCyXvNV1RoorYr7?g_st=ic,"https://drive.google.com/open?id=1zPGt3I_PKNAWMy7N-jGeZPJVTi9ePRVG, https://drive.google.com/open?id=1inqXnFqffk-13T2uVLKbMCnFHhJzt3Np, https://drive.google.com/open?id=1BKYF8n85BS59IwThmoKe6aqf7vOj-cI6, https://drive.google.com/open?id=1vJRRHami48DtEOSE0EXW0rxByl4oy3rz, https://drive.google.com/open?id=1h6fhFf7AL9EfsDBiBnGYZAEx_405VCyG",,24.676856,46.6779261
7/25/2024 12:55:34,"https://drive.google.com/open?id=1AljcJTJxbm6Mkk6hK9Hr7Li9LCfymAlW, https://drive.google.com/open?id=14oa3avrlJG7Jl71mo8CaaXUWQUoU45Sm, https://drive.google.com/open?id=1o9fKhc32RW9lfzwKwvlEVkSKiZKoRDQS, https://drive.google.com/open?id=1u6ayS4A77_rs8M5hihYenujblN9-sFy7, https://drive.google.com/open?id=1CgbFbae_x2zypk3zeLXZluCB0rCpNNIw, https://drive.google.com/open?id=1kJBTQXLTTJZLB7K0UbsQKF40ph4V4h2t, https://drive.google.com/open?id=1nd518WaTbFwdgK-bFuBdtU9jXMgQbLax, https://drive.google.com/open?id=1X0lJraST1jmf0h_ZqSSlnzCIcbpH8gWR, https://drive.google.com/open?id=1Yf5Et6RjE57PyDM9-bi9Wp90LqmTX4gu, https://drive.google.com/open?id=1QTgJKzkLfOrgSKjLUvSdinlpl_wjABQC",منتزة العليا ,ci251.3314@gmail.com,https://maps.app.goo.gl/k6UfSieywWhPkaFv6?g_st=ic,"https://drive.google.com/open?id=14Mrl2CeKpjpDKFyBSL2g1f4mRhwvdFEA, https://drive.google.com/open?id=15oZ38Vnc7pcp9-Fa8PdyQ0ajRdgToHGv, https://drive.google.com/open?id=18w-pmfuTCJGkYgt8kndtubP41d-I03H9, https://drive.google.com/open?id=1HMX3GKIiOXQG3_-kDyiYXz5t-lmdwlax, https://drive.google.com/open?id=1gEoIoJMdL2HoheFv4QQDgKSvpKk-JpTb",,24.680487,46.6825655
7/26/2024 2:59:53,"https://drive.google.com/open?id=1QlrcnHEE4FxAtAPy2-ac2V1_uJGN3YNe, https://drive.google.com/open?id=1-9xm4gZy_GW3xtISvn08XtsA6BTVXSPG, https://drive.google.com/open?id=1l6CzEtCFzPDw-WMqcAm9d9By7O_WbZkU, https://drive.google.com/open?id=1rz-IUFMDI8Jb44lj_MHgAzxuTALNHqua, https://drive.google.com/open?id=1LOgdl9rebrtNV4ACGOK-qOscIf0qOrO3, https://drive.google.com/open?id=1AkibGRdcIICRnrslLhJBhtC_fsWu--kB, https://drive.google.com/open?id=1CVnd-x8Q5wZSNEY1xqETCNn-Jpdyfi7w, https://drive.google.com/open?id=1qTZ0yq2W7zZfnh-RErubEdshWerVjsnT, https://drive.google.com/open?id=1UKac0Vy139Mm21vGdTq5tRO-H1HqRz4q, https://drive.google.com/open?id=1xxkkofdxEupbcLYHy96W_ua-s5iIbI-U",ساسكو متجر التخصصي ,ci251.3314@gmail.com,"https://maps.google.com/?q=%D8%B3%D8%A7%D9%83%D9%88%20%D9%85%D8%AA%D8%AC%D8%B1%20%D8%A7%D9%84%D8%AA%D8%AE%D8%B5%D8%B5%D9%8A%D8%8C%20%D8%B4%D8%A7%D8%B1%D8%B9%20%D8%A7%D9%84%D8%AA%D8%AE%D8%B5%D8%B5%D9%8A%D8%8C%20%D8%A7%D9%84%D9%85%D8%B9%D8%B0%D8%B1%20%D8%A7%D9%84%D8%B4%D9%85%D8%A7%D9%84%D9%8A%D8%8C%20%D8%A7%D9%84%D8%B1%D9%8A%D8%A7%D8%B6%2012312&ftid=0x3e2f034eee7412a5:0x30cb29161562c86a&entry=gps&lucs=,94231208,94224825,94227247,94227248,47071704,47069508,94218641,94203019,47084304,94208458,94208447&g_st=ic","https://drive.google.com/open?id=1h2ndkAZDdWuMwraW_DUHEFS8FJ43ErEW, https://drive.google.com/open?id=1QKXIZz6t2wbTXHbSyAUPQzXwDbE23Dt7, https://drive.google.com/open?id=1iFoh0sGMw7SjaZS4kT7DFWDmCo4aD-hZ",,24.6816033,46.6766834
7/26/2024 3:03:38,"https://drive.google.com/open?id=1uojy3ks2-l--GlyTS5U2n2id0ljqMatL, https://drive.google.com/open?id=1GNYr8OYD5WsRJKdV9idtad2cvef5rMYX, https://drive.google.com/open?id=1CJOJlSpdxWMmp0igwIhfFJiUbtyZjAHe, https://drive.google.com/open?id=1ECQFhCP0HudksKvBvENSGa83IeDfAcIk, https://drive.google.com/open?id=163pOE-9PAawZcbYQzaRM8OT3wnsUJdiA, https://drive.google.com/open?id=1euN1KhypiO3NEgjRFVFMxcp4VWSa_r0q, https://drive.google.com/open?id=1pnai5pQN_jj1KHZvgIYDjIJ60wG7yOcT",تيم هورتنز,ci251.3314@gmail.com,https://maps.app.goo.gl/vv93vPy2S1Sb5hiV7?g_st=ic,"https://drive.google.com/open?id=1CsP60H09bG-qUQmQkGULnOxUo8nK9SkM, https://drive.google.com/open?id=10UWhtQWYpiNRxW_gaxtrF6k_Pzc_0SIm, https://drive.google.com/open?id=1SIdn9SnffKdyrwdtQao4dc_IchFUwnrJ",,24.6959454,46.6699101
7/26/2024 3:09:35,"https://drive.google.com/open?id=1f7iSkJ-tf_BHpQvWDw5QJi5ep185DDJg, https://drive.google.com/open?id=1RRlfJmoHlSy9rnYy9no09ErCHtR4OM_v, https://drive.google.com/open?id=1g9Yi164VzpRpZZj_zQqKlU-MEQY0PAz3, https://drive.google.com/open?id=1Qk5bawyWSMIw9_MGwuwf6yVkw3M0DbHR, https://drive.google.com/open?id=14VDrENiCcBaarg2pPW0NY5MLbKTuzL12, https://drive.google.com/open?id=1DXrerQd6Dg4RIG_dpv0eUogOD1k9Cu7O, https://drive.google.com/open?id=1Qx9MePq_p3D6QKjCgIyaGbWFrM1q6H7d, https://drive.google.com/open?id=1apI2pu6ws4Le5_4ojWC7oqIFo6CF8_mz, https://drive.google.com/open?id=1pyWV-QBcTX2otB74J9zi5_8wXHtsxsCe, https://drive.google.com/open?id=15HxBcDL5wR_UbRIIpUhSBbJijnr8qKd3",ستاربكس,ci251.3314@gmail.com,https://maps.app.goo.gl/jL33qMM3NFggrvdE9?g_st=ic,"https://drive.google.com/open?id=13sH1TCl_lHXk1b05OQbGnVxyphHvB7KB, https://drive.google.com/open?id=1sFtw3OVRuaMgfguF58tgXtzTj48m0HON, https://drive.google.com/open?id=1JmzAuw2wJlIfTgD10ABNMALEbN_G0SLR, https://drive.google.com/open?id=18906KpRDt-8IiW_HfV7oO1FRZHa5KyM9",,24.6949124,46.6698309
7/26/2024 3:14:31,"https://drive.google.com/open?id=1YZcYv3DIS178TlaB6nWJPy-kJ-hWn7S5, https://drive.google.com/open?id=13R7RKBAV9iONSCbVs2w9qSAzH2maUP9c, https://drive.google.com/open?id=1Z0Sw38gA_-DtOFeGKkGc_Uqk_tGjpZtM, https://drive.google.com/open?id=1l4IUJ8YuoxDk1PRp6okP_xLShQ65KIU7, https://drive.google.com/open?id=1Uwf_C1wP1oBaFGHd73b5izJ9TXk_IC9r, https://drive.google.com/open?id=1M6c56bzwR2WYwMnHTJjoVHXyUglvJPj4, https://drive.google.com/open?id=1RjxHd5Fc2JHgK2ck3H05x2tJ-T-H4-SU, https://drive.google.com/open?id=1HRmKiuwbA86XjIzb9mY00trPGi3ASGP5, https://drive.google.com/open?id=15nXAfzA6NRdQ-1IfZNaxFD9ajh4xik9F, https://drive.google.com/open?id=1rlDWQl-z00Bn1gjhfRpWTqGCkoKkj0q0",H&M home,ci251.3314@gmail.com,https://maps.app.goo.gl/tfon4GSwxGnomFLW9?g_st=ic,"https://drive.google.com/open?id=1cK6DkmhEAVEht7sJU0NbkQjj_233WbV-, https://drive.google.com/open?id=16aC9N402SEyWkEfpqcU_TsGRb35xhJ14, https://drive.google.com/open?id=1SYc3oursyqy6cP2xLD2ENHCCk_zlvF1_",,24.695069,46.66954
7/26/2024 3:22:39,"https://drive.google.com/open?id=1L9UJcwBDpUpdSpv1JI41RKBOfs39my1E, https://drive.google.com/open?id=1S4jGntN7tpjPrt5oOcb6rkpPilhea42F, https://drive.google.com/open?id=1-jMUAJbPC5vK0Pg4_UZRFHvUU8SRRckP, https://drive.google.com/open?id=1yoh9BZy7SmkRfTjorAMcn_CQUKhjzPFE, https://drive.google.com/open?id=1umwiXmP-_EaqTsmDq0MghQcd-RC-vrTJ, https://drive.google.com/open?id=1NLflsVTbVkDTL2QSvwVUTlEAiyRNa6po, https://drive.google.com/open?id=1hDHGlyLupBaawu1Kg4v3hU2yHGUvN4mz, https://drive.google.com/open?id=13W8RJ-A9dkAEEmQLIR0PZKYDJI_Wgqmt",فوت لوكر ,ci251.3314@gmail.com,https://maps.app.goo.gl/Kcpeqz9TSJmPudqG7?g_st=ic,"https://drive.google.com/open?id=1mNFEhkT_8_jHbLdTpttHNfOFldznwNv0, https://drive.google.com/open?id=1dUsMSQYy1ZHD-SfotexZCj52Q5W_7Z8y",,24.69559,46.6695212
7/26/2024 3:25:36,"https://drive.google.com/open?id=1i1-dXlK2fSa8uUag1e7l8oZKN6lv2Irm, https://drive.google.com/open?id=19d7ryf8fchQ6E6ukqVKjMHRQqqP-C5ky, https://drive.google.com/open?id=1NA_vb31LYertRdgav45_yitdnavZhdQ-, https://drive.google.com/open?id=1nFdWYNHudschSVSMYL15RW899KL3z1nG, https://drive.google.com/open?id=1gXOw1lq4fGpY5AyvSB02OIPTh63hObLC, https://drive.google.com/open?id=1KPMyobBDnGy6ezck1sgdNGGs8GxSVbyK, https://drive.google.com/open?id=1y3Pxs8vORxkLP1O67L-ZhvQDjNMY5KgV, https://drive.google.com/open?id=1gbbKEDAx1ikvz-WF-x7bfTs7Rz4XrWyS",إمريكان إيجل أوتفترز,ci251.3314@gmail.com,https://maps.app.goo.gl/4NFfiUeS3tDwG7MDA?g_st=ic,"https://drive.google.com/open?id=1stAqN5Fc8tupREym05ogRzuKnjD1e-XH, https://drive.google.com/open?id=1brkDh0M-cD8H12dKHKbROOS-B18h17-T, https://drive.google.com/open?id=1IIPBsw-uhniOfHSTs6oGXB9FGUOKDiqK",,24.6950613,46.6695359
7/26/2024 9:50:14,"https://drive.google.com/open?id=1vHKZ6AUKJGqJ_0LmCPISoNwk2naFlb7f, https://drive.google.com/open?id=1vo7N2xaDplZXDry4FS-RtkRqLxyBO4pi, https://drive.google.com/open?id=1TQPhPPQC4uISdU7hQU2spXVdR3FnVGGw, https://drive.google.com/open?id=1d4ZclUaNuJKwNP0Oqj75BJ0o97-XVhzo, https://drive.google.com/open?id=1B7U9GPpD8ZrQyJikDahj2Sic4d9MZkr4, https://drive.google.com/open?id=1YM1skYDECb4xjGn0fLfEkNrKyvyKZf3H, https://drive.google.com/open?id=1E7H4ku_2B_OR3b5j2q6uH17a6JZ9Kp5t, https://drive.google.com/open?id=14xNZLiXlxnf5-v7IoEhzy_mFXuF0TgyV, https://drive.google.com/open?id=1GKvfs2qQLQiQGIuRlpL9teE7UAMvWBqU, https://drive.google.com/open?id=1eJsC8-1c1RMdCqkMwPNT_4yRSdKHlqoP",كوفي جديل,ci251.3314@gmail.com,https://maps.app.goo.gl/1EeVpXsnwEwqYoE39?g_st=ic,"https://drive.google.com/open?id=1ATHzaIqHsFX1q1bgEw7c86SiUn1A86Ge, https://drive.google.com/open?id=1uDHJesvxNtDJayofvnbRD5cxuAGcan3X, https://drive.google.com/open?id=1ybrIzk_U6SvGSDaZ8wpt1mZ112aauA-i, https://drive.google.com/open?id=101O1sGGK7J7mymLVsEZO8iFOx5fINpME",,24.6989275,46.6705129
7/26/2024 9:56:04,"https://drive.google.com/open?id=1EXEF87cKBD70k4RwjZ_tXRO0iz6_8IiR, https://drive.google.com/open?id=1P6A7qAT0e8q0V32k0PrO-91K8E1mmfoI, https://drive.google.com/open?id=1sKqf-TGCt7e5X0iekhlVbTS4B_B8UIDY, https://drive.google.com/open?id=19nzpJeoWmSvxObfCyNSdeuL29fqSJWWM, https://drive.google.com/open?id=1XeGiJ6LAM1jajv_7ybmzpaYRfMW8r-eN",ميد ,ci251.3314@gmail.com,https://maps.app.goo.gl/ne1N68M5DBSt9kgh7?g_st=ic,https://drive.google.com/open?id=1JS2DEtR57C8lLbXmjhEkcshpHAE_B3pL,,24.6991298,46.6708763
7/26/2024 10:01:54,"https://drive.google.com/open?id=1G1vU18mDMPi7Hc3ScB2txaFHJXZHf5GX, https://drive.google.com/open?id=1oXPt5vN2Ll99JzOyKLvOECzJbD7W3mkd, https://drive.google.com/open?id=1dzBR7B4zfR92MZQ61UQoGkXFda5kH_mR, https://drive.google.com/open?id=1EN1Q4ZvODlcQ6DS0lHY7ATUdtgXxySIH",البنك السعودي الفرنسي,ci251.3314@gmail.com,https://maps.app.goo.gl/s6hfgC3fHYELa48X8?g_st=ic,"https://drive.google.com/open?id=1soFsVO0hfmeIpOHGowQBuqJBX6LiHm0D, https://drive.google.com/open?id=1r8BVK-vNZJ5dxDw56piUk1B01oX0oX7M, https://drive.google.com/open?id=1ycM55BLw0azD0nWDNeGiDxUR1OIkiUry, https://drive.google.com/open?id=1CCi0Qq9lNzoYzIoPbMpUDnUZ8EVu9fxV, https://drive.google.com/open?id=1EdVV-p4BwB69SfBeLvT8FcCeBO_xbYQ7",,24.6937217,46.6805692
7/26/2024 10:10:57,"https://drive.google.com/open?id=1bKbj5vbLDIwtpQ4SjflAUa-dUXtVC9ZP, https://drive.google.com/open?id=12oSnrfG9HN5fcY3yUT5oS3yyXiDj-bZ2, https://drive.google.com/open?id=1QgekB2t9xH-VfAhGS0xotmDBJhRSO2LA, https://drive.google.com/open?id=1TRmxGJR9lGEihXkpGo3lEjFwt3V7Errq, https://drive.google.com/open?id=1Mhyasuj1wR2h8NrVapBVjze7RFWB4Cyi, https://drive.google.com/open?id=1-FGOVjwPNQLrFfg3e3dgChSRQqJuF4q7, https://drive.google.com/open?id=1RlosVNVKMCtywfiXXdsVvMJJozMSMjt1, https://drive.google.com/open?id=1LdqFNKy4KwXa9LzU_aJAaydkHgZXDZR2, https://drive.google.com/open?id=1lMDbzYni-58WymnJQrRBA9agejKDaGXw, https://drive.google.com/open?id=1ihWjaB7_utIcGf5GIVDOEbJDmOrtv41l",أسواق التميمي,ci251.3314@gmail.com,https://maps.app.goo.gl/VYZG6NHG1hnV6ym17?g_st=ic,"https://drive.google.com/open?id=1l7m5cH-lBgE9z4GY-Y5Pz8cUQ8vOyJa3, https://drive.google.com/open?id=1unvzwNEgQjYlkJWgjst_XZtKNK92m1oq, https://drive.google.com/open?id=1TWaS0UWrlrwqmuJaUIfi5O305ZZG1rFt, https://drive.google.com/open?id=14sZ8Z5FqIskjn6f7xalNjM4-hdNSbz9M, https://drive.google.com/open?id=1GbNA8m0Z3IMUFazHBSdpepi_hDUqrfPH",,24.6909541,46.681963
7/26/2024 10:16:11,"https://drive.google.com/open?id=16mlv_YBbAUiO2CYwFU3W-bd54ieCHMNc, https://drive.google.com/open?id=1Rj_XbTcUJ04ctx2uVM4O8VHLCaG-58zi, https://drive.google.com/open?id=1bvzwWjt-YAbpkATE9tund3QSXIPOfQ-6, https://drive.google.com/open?id=1zr6ff7nowoD1rYU_BCsMHrLm96x6hDZV, https://drive.google.com/open?id=1iACJeCRLgPfxuU_YtZSJm0Q_suE1Z-bL, https://drive.google.com/open?id=1Wr86oamt2JZWyAdom7UQUdf4QC7Jxq3_, https://drive.google.com/open?id=1f58IISXFngFxTau4gCovi7Bwc4rCW91l",باث & بودي وركس,ci251.3314@gmail.com,https://maps.app.goo.gl/QR8RgrczFXKVLMw38?g_st=ic,"https://drive.google.com/open?id=11c9nDUrjk6iLmQDuki_VExEsz8zErZnK, https://drive.google.com/open?id=1qVRySg3Ea6WeBewIO8PKRDlfqiXvu84B, https://drive.google.com/open?id=1pLk3AioyZyVm1TY5yjeKeoyisN-_zCN5",,24.6901705,46.6822141
7/26/2024 10:19:34,"https://drive.google.com/open?id=1z6Ps0Dm1ySsrm1QkP-p2Dx-pAQsJ9FB4, https://drive.google.com/open?id=1i5j0tT4KaHVuqMq_HocAYkRFrYxkeH38, https://drive.google.com/open?id=1XfRNfyQ2g_vK493FDJiJLtyLTKh3sLES, https://drive.google.com/open?id=1zSKE9d5jNCUCemcG6ikLRp7cV9RO8Ou3, https://drive.google.com/open?id=1WIuHCTRW8QcRO1Ieo9beCGaovXCKj29e, https://drive.google.com/open?id=1zbYxEKfzEUASWHc4FTN_KFwLsRm0JumB, https://drive.google.com/open?id=1WZOTRwwgCb7_D3RSUSN2jAbdgBUQZ0X7",مايسترو ,ci251.3314@gmail.com,https://maps.app.goo.gl/1sBWuYdPe76UgwdD9?g_st=ic,"https://drive.google.com/open?id=19TRIznwGrvGthvd_JYLYMNtdYgF968yn, https://drive.google.com/open?id=1_Z65s8w4Fgr2Lh6NEdSH7Uo4MKJm7MX-, https://drive.google.com/open?id=1v04m8hivtwPVY67eu4gZQLejLHubbkbr",,24.6898588,46.6823427
7/26/2024 10:22:18,"https://drive.google.com/open?id=1N3ObFcq5gaSBtJh_pRJOQqhl7OYyr_bV, https://drive.google.com/open?id=1-dGA67JLFMJVJ-HCWZ_leoG-cNnlYHJg, https://drive.google.com/open?id=1kSZMO58EByN0jPcy0eUXpNNDi08j_Yrx",مجمع ميم بلازا,ci251.3314@gmail.com,https://maps.app.goo.gl/tsr2CNXZkkbFSa4W6?g_st=ic,"https://drive.google.com/open?id=18qu3I3ud4XMvZaaLO0ycltGWGUv9CZ0X, https://drive.google.com/open?id=10iJfuVAo7YaMeJ5bL2ziNRIQ4ETPXiQX, https://drive.google.com/open?id=1vU-5owNzOXgrdHzuebvdavemx9vUFcOG, https://drive.google.com/open?id=1pZsh1B5-kmUENoE2Sqdy0KfG7c3SNRGx, https://drive.google.com/open?id=14ZZeS7ajc6CTuBqypga1K-qAptKBg-j3",,24.6887491,46.6831509
7/26/2024 10:25:32,"https://drive.google.com/open?id=1RJA3OukkzWBWN_SA7PYimeypSO-2JUn1, https://drive.google.com/open?id=1_cxmRBr0R1jM3ihDQILyQiU-3QTouGu_, https://drive.google.com/open?id=1l36OAENc4qC4uvRHRlrsqyazr3BvSWnj, https://drive.google.com/open?id=1RNy1MucZoahbRQx3xJDvPkrWsLscyDgb, https://drive.google.com/open?id=1GM-jFMSZTnBZLAu2-lE0e5-D0fa1HdWr, https://drive.google.com/open?id=1fLzn8C_NG2gazDd4eNMSPu_aLV3xwEE_, https://drive.google.com/open?id=1bTo7ND-cDhygMeyYIvjRtPiBrXzBwlLw, https://drive.google.com/open?id=1TS8rMtx-DYZpd5Mh-X2WmXNJ84yooVUx",زارا للملابس ,ci251.3314@gmail.com,https://maps.app.goo.gl/25hUy8iZ2qctz2CP6?g_st=ic,"https://drive.google.com/open?id=1-aMm-guxtVVw4HokCoLPQDog9f_rpWaF, https://drive.google.com/open?id=1n4BK5OZw97kon5umT4WLwcyaQIt_k7DK, https://drive.google.com/open?id=1W2383gQ-LDiBgtdFd1zTnzHP3MeP6Y8K",,24.689115,46.683144
7/26/2024 10:31:38,"https://drive.google.com/open?id=1qIf9L9VMMFRelXUHK67rAZy_yXLkLnXn, https://drive.google.com/open?id=1yxajUIr9H6SuTo6cKBB28BC4hTxmVaAJ, https://drive.google.com/open?id=1FrG-hHyz506nXrAPRzaTOpUBEQ5PAoyX, https://drive.google.com/open?id=1dj5tLzFR3FXrLA23p-Do5uo4V8orVAXP, https://drive.google.com/open?id=1XJudHgHwFArk8PoCztNam9GJHeP51nGN, https://drive.google.com/open?id=1eKE2QZEJs-43r09CyM9M1aaCc1Zm4cVz, https://drive.google.com/open?id=1VPZprHOsVm8Dg7C8DXtstT4OrNlAtOjG, https://drive.google.com/open?id=1ZBHkfH4KjNlmPU85wP-7ZuL2hElavzal, https://drive.google.com/open?id=18ONx0WDNFGjDv4-fiOxP9Vd1Hea1akkR, https://drive.google.com/open?id=1Z2vwd3l5qun92sCL4_emkASw28mIqTUi",ماسيمو دوتي,ci251.3314@gmail.com,https://maps.app.goo.gl/kh2fpJcWfpcyXGu29?g_st=ic,"https://drive.google.com/open?id=1g6d7wZcT2CJrID3bU6QVw7kUjCvmGTmO, https://drive.google.com/open?id=12Mik4uNFX9LnIWUOMcLaSqwNLa80rURT",,24.6885113,46.6828115
7/26/2024 10:35:53,"https://drive.google.com/open?id=18fbPc16wKb263IkzTJq92Ezos7pJ4rIh, https://drive.google.com/open?id=1fZzw7lX4gW2x4yqa76YZNzRl98EV0zMc, https://drive.google.com/open?id=1kVli9anuyboNlZl-AN626k8Q-qtl40sr, https://drive.google.com/open?id=1Zjk5kFY1crgECJYiFOTwyuYXtNZ7i-JQ, https://drive.google.com/open?id=1GeDsdocQV5l0hfUP6H2waDDu5jmUWzB7, https://drive.google.com/open?id=18AuM12sKl1GEfhnMgpo5rC75pMPyt0n9, https://drive.google.com/open?id=16u1ChytCMpu9Vx_olHd4IVR-z8bVHnyz",دكتور هاوس,ci251.3314@gmail.com,"https://maps.google.com/?q=7698%20%D8%B7%D8%B1%D9%8A%D9%82%20%D8%A7%D9%84%D9%85%D9%84%D9%83%20%D9%81%D9%87%D8%AF%D8%8C%20%D8%A7%D9%84%D8%B9%D9%84%D9%8A%D8%A7%D8%8C%20%D8%A7%D9%84%D8%B1%D9%8A%D8%A7%D8%B6%2011564&ftid=0x3e2f03b52a6a4729:0x76a3bebbc803d69c&entry=gps&lucs=,94231208,94224825,94227247,94227248,47071704,47069508,94218641,94203019,47084304,94208458,94208447&g_st=ic","https://drive.google.com/open?id=1qXxSQeJjm6Y4Kc1bMIbizxLNa5FdoK0u, https://drive.google.com/open?id=1UBX8v6QNsQkY27dnGvo590JYOo6rUTdr",,24.6897795,46.682489
7/26/2024 10:47:50,"https://drive.google.com/open?id=1SMFm_bx1nS6lMo_mAnWM0DXqR_RLkvmH, https://drive.google.com/open?id=10C-oWtNdTKlw-6vO1HSrluupu8Pg4Qpm, https://drive.google.com/open?id=1tCRbey29v0WOpgVvml41mfj2vpvB7eJH, https://drive.google.com/open?id=1lTw582tUyMx96vh7qodU-t2ym80s8RUE, https://drive.google.com/open?id=1oUgTui8R9vKBxSSQ0YhA9_f7HtNCH6BD, https://drive.google.com/open?id=1ymCjN_Ehc9abKKuAYuVBUgrrO7zit3SN, https://drive.google.com/open?id=1WRZtQaUozj3MQTvw5uurUhjZBXHjz_X4",دكتور هاوس ,ci251.3314@gmail.com,https://maps.app.goo.gl/QaCVFxzbv41VzQCu7?g_st=ic,"https://drive.google.com/open?id=1Sy2wNf3bGDJSn1oh7PVvBoyS-c0K0tQT, https://drive.google.com/open?id=1gdaEDSNVAKefDx7O993UNifUyDX6hZwK",,24.6897795,46.682489
7/26/2024 10:51:22,"https://drive.google.com/open?id=1ponTDvpNOHIXWuaCzhrNyNL7alk_cDK7, https://drive.google.com/open?id=1Ni0jp0RoOgpriNVF4h41jHj0X6Y6Hrff, https://drive.google.com/open?id=1MzZ3g-vYE_UGz6ARxoNt-gkB5Ak_EOKJ, https://drive.google.com/open?id=1w2GbNrh9VCUTjj5LmesxL3vtwlPKHfLg, https://drive.google.com/open?id=190HPR5uQqsuRXq1sdCqDGhltKWWW6UUt, https://drive.google.com/open?id=1A8_Slei_CL-0IrqU9cXwte23QckaJS6Z, https://drive.google.com/open?id=1Dmgcp_ddJzZTGvuahtV3X_AWj3wnd6Wb",حمام عبدُه,ci251.3314@gmail.com,https://maps.app.goo.gl/fkkToPHn5yUfuWd36?g_st=ic,"https://drive.google.com/open?id=1NFDtdrZy7oPbA9VR5xXvPFdsLEY9jyaF, https://drive.google.com/open?id=1jl5o9K9LQz_cToQ4ZiMONb1CxwWY_ZAF",,24.6871644,46.6807426
7/26/2024 10:54:27,"https://drive.google.com/open?id=1j0F6DzON66oQu1H5a40NjhA6aTnFiVa7, https://drive.google.com/open?id=1Wqpk1Fedv1dUX2R3rnXYd9TWJpbg9Gi6, https://drive.google.com/open?id=1MGXkvYnS02W94rFCk60nY4bMUyHtAAFp, https://drive.google.com/open?id=1gNATieAuYU9pnkEOvTI0mXLCzoq6E0Fw, https://drive.google.com/open?id=1j8GwiH4kewLYMmCzRmWiXCJy4TRjcwHY, https://drive.google.com/open?id=1oA8JWtRY8zO86yNELWWs9LrmMcHsjSMl, https://drive.google.com/open?id=189yjlahT87dBbiAamDlUBtyBOSZ-pjYi, https://drive.google.com/open?id=1l7WLyce1miKc7mFHh1Q4Sp310Y78PZ4n, https://drive.google.com/open?id=17Rkrd06LsV308IlkqOIeA5i-q_ByHEkE, https://drive.google.com/open?id=1I__mqpSWEr7XEHZqnymlJcfYHOqofGnv",مكاني ,ci251.3314@gmail.com,https://maps.app.goo.gl/F6D3yyMoSR26b1KDA?g_st=ic,"https://drive.google.com/open?id=1Xz4EACXF1oA3oOSb4wt4fhioBnkM0VBx, https://drive.google.com/open?id=1YOo6Y4ImvKnA5B-Owha2uoKwyrFirBtW, https://drive.google.com/open?id=1JB4MsiGmiq7wqhcoyGp8YohYLdlTEDN7",,24.6874508,46.6813109
7/28/2024 2:52:09,"https://drive.google.com/open?id=1easkUT14L7NJVjfrzkksroC-rIlP_Ngv, https://drive.google.com/open?id=1ivUmBOqwX66uuMSUiEFC7PCMMnL_IpsZ",Olaya View,d7mi.amer@gmail.com,https://maps.app.goo.gl/z2EhxvJXFDfipXev6?g_st=com.google.maps.preview.copy,https://drive.google.com/open?id=1rGXyu2i9WUeOguamRFzfD_JArgIipzew,,24.7139181,46.6721613
7/28/2024 2:58:04,"https://drive.google.com/open?id=1ZwseId7BQVqnCyNvT_0h5EeKFhW-3riT, https://drive.google.com/open?id=1XVO1BrqC--DwSx-4ZY9CNtnnwmvmICuw",Alesayi exo,d7mi.amer@gmail.com,https://maps.app.goo.gl/whrUZYB4572uCF2K6?g_st=com.google.maps.preview.copy,https://drive.google.com/open?id=1Gxbu2zu8L9japuVObnQWpy3lx0O8obDZ,,24.7147985,46.6726122
7/28/2024 3:00:00,"https://drive.google.com/open?id=16I2ji_D6GDD1PXZIRakPbfVR1sVZpIrE, https://drive.google.com/open?id=1LLotDucGzeqKYm5Y39H4HevSIEQ9cygE",Olaya Mall,d7mi.amer@gmail.com,https://maps.app.goo.gl/q7eygq6qmAL7B44q8?g_st=com.google.maps.preview.copy,https://drive.google.com/open?id=1KpsFlN-lQxHyttKgZobUj4l09M5NjYTg,,24.7146179,46.6740303
7/28/2024 3:02:16,"https://drive.google.com/open?id=1jW6I67GpEpc0xYrBRjGfvjEiHoUim7VA, https://drive.google.com/open?id=139d5MAp4sxIpQjgF6qinyreJQysTYOd5, https://drive.google.com/open?id=1W846PqqFK-M_bccsbH_d-gfNn4k39bOx, https://drive.google.com/open?id=1GKG3ZGrhdXbvTVJ5MNqxX0L4xwS1cjSp",CARVE COFFEE BAR,d7mi.amer@gmail.com,https://maps.app.goo.gl/zQxczoUGq6jHch1w7?g_st=com.google.maps.preview.copy,https://drive.google.com/open?id=1qbFpRahdtrPAE9HCq5e1IXrCtQ6qr_-N,,24.7143718,46.6767119
7/28/2024 3:04:49,"https://drive.google.com/open?id=1Ink0j72GrGhaf5SIClbC1PgT9pgOtsnY, https://drive.google.com/open?id=1yH6gg9ON90hHyEAIKFMZziw4N8Ydw_gD",Yamm Coffee Roasters,d7mi.amer@gmail.com,https://maps.app.goo.gl/9SH6BkkRdfZ8oDH46?g_st=com.google.maps.preview.copy,https://drive.google.com/open?id=1wfNcZPsg0zYE5ZlZUsQQukmh5hFGkWUL,,24.7073712,46.6644448
